"function","vtkValidPointMask","arc_length","Points:0","Points:1","Points:2"
0.031107,1,0,0,0,0
0.029419,1,0.17678,0.125,0.125,0
0.027733,1,0.35355,0.25,0.25,0
0.026048,1,0.53033,0.375,0.375,0
0.024366,1,0.70711,0.5,0.5,0
0.022684,1,0.88388,0.625,0.625,0
0.021005,1,1.0607,0.75,0.75,0
0.019327,1,1.2374,0.875,0.875,0
0.01765,1,1.4142,1,1,0
0.015965,1,1.591,1.125,1.125,0
0.014281,1,1.7678,1.25,1.25,0
0.012599,1,1.9445,1.375,1.375,0
0.010919,1,2.1213,1.5,1.5,0
0.0092406,1,2.2981,1.625,1.625,0
0.0075638,1,2.4749,1.75,1.75,0
0.0058886,1,2.6517,1.875,1.875,0
0.0042151,1,2.8284,2,2,0
0.0026112,1,3.0052,2.125,2.125,0
0.001009,1,3.182,2.25,2.25,0
-0.00059164,1,3.3588,2.375,2.375,0
-0.0021906,1,3.5355,2.5,2.5,0
-0.003788,1,3.7123,2.625,2.625,0
-0.0053837,1,3.8891,2.75,2.75,0
-0.0069778,1,4.0659,2.875,2.875,0
-0.0085703,1,4.2426,3,3,0
-0.010023,1,4.4194,3.125,3.125,0
-0.011474,1,4.5962,3.25,3.25,0
-0.012924,1,4.773,3.375,3.375,0
-0.014372,1,4.9497,3.5,3.5,0
-0.015819,1,5.1265,3.625,3.625,0
-0.017264,1,5.3033,3.75,3.75,0
-0.018708,1,5.4801,3.875,3.875,0
-0.020151,1,5.6569,4,4,0
-0.021394,1,5.8336,4.125,4.125,0
-0.022636,1,6.0104,4.25,4.25,0
-0.023876,1,6.1872,4.375,4.375,0
-0.025115,1,6.364,4.5,4.5,0
-0.026353,1,6.5407,4.625,4.625,0
-0.02759,1,6.7175,4.75,4.75,0
-0.028825,1,6.8943,4.875,4.875,0
-0.030059,1,7.0711,5,5,0
-0.031047,1,7.2478,5.125,5.125,0
-0.032034,1,7.4246,5.25,5.25,0
-0.03302,1,7.6014,5.375,5.375,0
-0.034004,1,7.7782,5.5,5.5,0
-0.034988,1,7.955,5.625,5.625,0
-0.035971,1,8.1317,5.75,5.75,0
-0.036952,1,8.3085,5.875,5.875,0
-0.037933,1,8.4853,6,6,0
-0.038633,1,8.6621,6.125,6.125,0
-0.039333,1,8.8388,6.25,6.25,0
-0.040033,1,9.0156,6.375,6.375,0
-0.040731,1,9.1924,6.5,6.5,0
-0.041429,1,9.3692,6.625,6.625,0
-0.042126,1,9.5459,6.75,6.75,0
-0.042822,1,9.7227,6.875,6.875,0
-0.043518,1,9.8995,7,7,0
-0.043914,1,10.076,7.125,7.125,0
-0.04431,1,10.253,7.25,7.25,0
-0.044705,1,10.43,7.375,7.375,0
-0.045101,1,10.607,7.5,7.5,0
-0.045495,1,10.783,7.625,7.625,0
-0.045889,1,10.96,7.75,7.75,0
-0.046283,1,11.137,7.875,7.875,0
-0.046676,1,11.314,8,8,0
-0.046765,1,11.49,8.125,8.125,0
-0.046854,1,11.667,8.25,8.25,0
-0.046942,1,11.844,8.375,8.375,0
-0.047031,1,12.021,8.5,8.5,0
-0.047119,1,12.198,8.625,8.625,0
-0.047207,1,12.374,8.75,8.75,0
-0.047295,1,12.551,8.875,8.875,0
-0.047383,1,12.728,9,9,0
-0.047175,1,12.905,9.125,9.125,0
-0.046967,1,13.081,9.25,9.25,0
-0.046759,1,13.258,9.375,9.375,0
-0.046552,1,13.435,9.5,9.5,0
-0.046344,1,13.612,9.625,9.625,0
-0.046137,1,13.789,9.75,9.75,0
-0.04593,1,13.965,9.875,9.875,0
-0.045723,1,14.142,10,10,0
-0.045241,1,14.319,10.125,10.125,0
-0.044759,1,14.496,10.25,10.25,0
-0.044278,1,14.672,10.375,10.375,0
-0.043797,1,14.849,10.5,10.5,0
-0.043317,1,15.026,10.625,10.625,0
-0.042837,1,15.203,10.75,10.75,0
-0.042357,1,15.38,10.875,10.875,0
-0.041879,1,15.556,11,11,0
-0.041156,1,15.733,11.125,11.125,0
-0.040434,1,15.91,11.25,11.25,0
-0.039713,1,16.087,11.375,11.375,0
-0.038992,1,16.263,11.5,11.5,0
-0.038272,1,16.44,11.625,11.625,0
-0.037553,1,16.617,11.75,11.75,0
-0.036835,1,16.794,11.875,11.875,0
-0.036118,1,16.971,12,12,0
-0.035197,1,17.147,12.125,12.125,0
-0.034277,1,17.324,12.25,12.25,0
-0.033358,1,17.501,12.375,12.375,0
-0.03244,1,17.678,12.5,12.5,0
-0.031523,1,17.854,12.625,12.625,0
-0.030608,1,18.031,12.75,12.75,0
-0.029693,1,18.208,12.875,12.875,0
-0.028779,1,18.385,13,13,0
-0.027709,1,18.562,13.125,13.125,0
-0.02664,1,18.738,13.25,13.25,0
-0.025572,1,18.915,13.375,13.375,0
-0.024506,1,19.092,13.5,13.5,0
-0.023441,1,19.269,13.625,13.625,0
-0.022377,1,19.445,13.75,13.75,0
-0.021314,1,19.622,13.875,13.875,0
-0.020252,1,19.799,14,14,0
-0.019086,1,19.976,14.125,14.125,0
-0.017921,1,20.153,14.25,14.25,0
-0.016758,1,20.329,14.375,14.375,0
-0.015596,1,20.506,14.5,14.5,0
-0.014435,1,20.683,14.625,14.625,0
-0.013276,1,20.86,14.75,14.75,0
-0.012118,1,21.036,14.875,14.875,0
-0.010961,1,21.213,15,15,0
-0.0097532,1,21.39,15.125,15.125,0
-0.0085472,1,21.567,15.25,15.25,0
-0.0073425,1,21.744,15.375,15.375,0
-0.0061392,1,21.92,15.5,15.5,0
-0.0049373,1,22.097,15.625,15.625,0
-0.0037368,1,22.274,15.75,15.75,0
-0.0025376,1,22.451,15.875,15.875,0
-0.0013397,1,22.627,16,16,0
-0.00014475,1,22.804,16.125,16.125,0
0.0010488,1,22.981,16.25,16.25,0
0.0022411,1,23.158,16.375,16.375,0
0.0034319,1,23.335,16.5,16.5,0
0.0046214,1,23.511,16.625,16.625,0
0.0058095,1,23.688,16.75,16.75,0
0.0069962,1,23.865,16.875,16.875,0
0.0081815,1,24.042,17,17,0
0.0093134,1,24.218,17.125,17.125,0
0.010444,1,24.395,17.25,17.25,0
0.011573,1,24.572,17.375,17.375,0
0.012701,1,24.749,17.5,17.5,0
0.013827,1,24.926,17.625,17.625,0
0.014953,1,25.102,17.75,17.75,0
0.016077,1,25.279,17.875,17.875,0
0.017199,1,25.456,18,18,0
0.018222,1,25.633,18.125,18.125,0
0.019244,1,25.809,18.25,18.25,0
0.020265,1,25.986,18.375,18.375,0
0.021284,1,26.163,18.5,18.5,0
0.022303,1,26.34,18.625,18.625,0
0.02332,1,26.517,18.75,18.75,0
0.024336,1,26.693,18.875,18.875,0
0.02535,1,26.87,19,19,0
0.026226,1,27.047,19.125,19.125,0
0.027101,1,27.224,19.25,19.25,0
0.027974,1,27.4,19.375,19.375,0
0.028847,1,27.577,19.5,19.5,0
0.029719,1,27.754,19.625,19.625,0
0.030589,1,27.931,19.75,19.75,0
0.031459,1,28.107,19.875,19.875,0
0.032327,1,28.284,20,20,0
0.033025,1,28.461,20.125,20.125,0
0.033722,1,28.638,20.25,20.25,0
0.034419,1,28.815,20.375,20.375,0
0.035114,1,28.991,20.5,20.5,0
0.035809,1,29.168,20.625,20.625,0
0.036503,1,29.345,20.75,20.75,0
0.037196,1,29.522,20.875,20.875,0
0.037888,1,29.698,21,21,0
0.038387,1,29.875,21.125,21.125,0
0.038886,1,30.052,21.25,21.25,0
0.039384,1,30.229,21.375,21.375,0
0.039881,1,30.406,21.5,21.5,0
0.040378,1,30.582,21.625,21.625,0
0.040874,1,30.759,21.75,21.75,0
0.04137,1,30.936,21.875,21.875,0
0.041865,1,31.113,22,22,0
0.042154,1,31.289,22.125,22.125,0
0.042443,1,31.466,22.25,22.25,0
0.042731,1,31.643,22.375,22.375,0
0.04302,1,31.82,22.5,22.5,0
0.043307,1,31.997,22.625,22.625,0
0.043594,1,32.173,22.75,22.75,0
0.043881,1,32.35,22.875,22.875,0
0.044168,1,32.527,23,23,0
0.044246,1,32.704,23.125,23.125,0
0.044323,1,32.88,23.25,23.25,0
0.044401,1,33.057,23.375,23.375,0
0.044478,1,33.234,23.5,23.5,0
0.044555,1,33.411,23.625,23.625,0
0.044632,1,33.588,23.75,23.75,0
0.044709,1,33.764,23.875,23.875,0
0.044785,1,33.941,24,24,0
0.04466,1,34.118,24.125,24.125,0
0.044534,1,34.295,24.25,24.25,0
0.044409,1,34.471,24.375,24.375,0
0.044283,1,34.648,24.5,24.5,0
0.044158,1,34.825,24.625,24.625,0
0.044032,1,35.002,24.75,24.75,0
0.043907,1,35.179,24.875,24.875,0
0.043782,1,35.355,25,25,0
0.04347,1,35.532,25.125,25.125,0
0.043157,1,35.709,25.25,25.25,0
0.042846,1,35.886,25.375,25.375,0
0.042534,1,36.062,25.5,25.5,0
0.042223,1,36.239,25.625,25.625,0
0.041912,1,36.416,25.75,25.75,0
0.041601,1,36.593,25.875,25.875,0
0.041291,1,36.77,26,26,0
0.040816,1,36.946,26.125,26.125,0
0.040342,1,37.123,26.25,26.25,0
0.039868,1,37.3,26.375,26.375,0
0.039395,1,37.477,26.5,26.5,0
0.038923,1,37.653,26.625,26.625,0
0.038451,1,37.83,26.75,26.75,0
0.037979,1,38.007,26.875,26.875,0
0.037508,1,38.184,27,27,0
0.036902,1,38.361,27.125,27.125,0
0.036296,1,38.537,27.25,27.25,0
0.035691,1,38.714,27.375,27.375,0
0.035087,1,38.891,27.5,27.5,0
0.034483,1,39.068,27.625,27.625,0
0.03388,1,39.244,27.75,27.75,0
0.033278,1,39.421,27.875,27.875,0
0.032677,1,39.598,28,28,0
0.031974,1,39.775,28.125,28.125,0
0.031272,1,39.952,28.25,28.25,0
0.030571,1,40.128,28.375,28.375,0
0.029871,1,40.305,28.5,28.5,0
0.029172,1,40.482,28.625,28.625,0
0.028473,1,40.659,28.75,28.75,0
0.027776,1,40.835,28.875,28.875,0
0.027079,1,41.012,29,29,0
0.026318,1,41.189,29.125,29.125,0
0.025558,1,41.366,29.25,29.25,0
0.024799,1,41.543,29.375,29.375,0
0.024042,1,41.719,29.5,29.5,0
0.023285,1,41.896,29.625,29.625,0
0.022528,1,42.073,29.75,29.75,0
0.021773,1,42.25,29.875,29.875,0
0.021019,1,42.426,30,30,0
0.02024,1,42.603,30.125,30.125,0
0.019461,1,42.78,30.25,30.25,0
0.018683,1,42.957,30.375,30.375,0
0.017907,1,43.134,30.5,30.5,0
0.017131,1,43.31,30.625,30.625,0
0.016357,1,43.487,30.75,30.75,0
0.015583,1,43.664,30.875,30.875,0
0.01481,1,43.841,31,31,0
0.01405,1,44.017,31.125,31.125,0
0.013291,1,44.194,31.25,31.25,0
0.012534,1,44.371,31.375,31.375,0
0.011777,1,44.548,31.5,31.5,0
0.011021,1,44.725,31.625,31.625,0
0.010266,1,44.901,31.75,31.75,0
0.0095118,1,45.078,31.875,31.875,0
0.0087589,1,45.255,32,32,0
0.0080548,1,45.432,32.125,32.125,0
0.0073516,1,45.608,32.25,32.25,0
0.0066494,1,45.785,32.375,32.375,0
0.0059481,1,45.962,32.5,32.5,0
0.0052478,1,46.139,32.625,32.625,0
0.0045483,1,46.315,32.75,32.75,0
0.0038499,1,46.492,32.875,32.875,0
0.0031523,1,46.669,33,33,0
0.0025362,1,46.846,33.125,33.125,0
0.0019208,1,47.023,33.25,33.25,0
0.0013063,1,47.199,33.375,33.375,0
0.00069264,1,47.376,33.5,33.5,0
7.9807e-05,1,47.553,33.625,33.625,0
-0.00053219,1,47.73,33.75,33.75,0
-0.0011433,1,47.906,33.875,33.875,0
-0.0017537,1,48.083,34,34,0
-0.0022551,1,48.26,34.125,34.125,0
-0.0027559,1,48.437,34.25,34.25,0
-0.0032559,1,48.614,34.375,34.375,0
-0.0037553,1,48.79,34.5,34.5,0
-0.0042539,1,48.967,34.625,34.625,0
-0.0047519,1,49.144,34.75,34.75,0
-0.0052491,1,49.321,34.875,34.875,0
-0.0057457,1,49.497,35,35,0
-0.0061119,1,49.674,35.125,35.125,0
-0.0064775,1,49.851,35.25,35.25,0
-0.0068427,1,50.028,35.375,35.375,0
-0.0072073,1,50.205,35.5,35.5,0
-0.0075714,1,50.381,35.625,35.625,0
-0.0079349,1,50.558,35.75,35.75,0
-0.008298,1,50.735,35.875,35.875,0
-0.0086605,1,50.912,36,36,0
-0.0088779,1,51.088,36.125,36.125,0
-0.009095,1,51.265,36.25,36.25,0
-0.0093117,1,51.442,36.375,36.375,0
-0.0095282,1,51.619,36.5,36.5,0
-0.0097443,1,51.796,36.625,36.625,0
-0.0099601,1,51.972,36.75,36.75,0
-0.010176,1,52.149,36.875,36.875,0
-0.010391,1,52.326,37,37,0
-0.010453,1,52.503,37.125,37.125,0
-0.010516,1,52.679,37.25,37.25,0
-0.010578,1,52.856,37.375,37.375,0
-0.01064,1,53.033,37.5,37.5,0
-0.010702,1,53.21,37.625,37.625,0
-0.010764,1,53.387,37.75,37.75,0
-0.010826,1,53.563,37.875,37.875,0
-0.010888,1,53.74,38,38,0
-0.010797,1,53.917,38.125,38.125,0
-0.010706,1,54.094,38.25,38.25,0
-0.010615,1,54.27,38.375,38.375,0
-0.010524,1,54.447,38.5,38.5,0
-0.010433,1,54.624,38.625,38.625,0
-0.010343,1,54.801,38.75,38.75,0
-0.010252,1,54.978,38.875,38.875,0
-0.010162,1,55.154,39,39,0
-0.0099256,1,55.331,39.125,39.125,0
-0.0096896,1,55.508,39.25,39.25,0
-0.0094539,1,55.685,39.375,39.375,0
-0.0092186,1,55.861,39.5,39.5,0
-0.0089836,1,56.038,39.625,39.625,0
-0.0087489,1,56.215,39.75,39.75,0
-0.0085145,1,56.392,39.875,39.875,0
-0.0082804,1,56.569,40,40,0
-0.0079138,1,56.745,40.125,40.125,0
-0.0075476,1,56.922,40.25,40.25,0
-0.007182,1,57.099,40.375,40.375,0
-0.0068169,1,57.276,40.5,40.5,0
-0.0064523,1,57.452,40.625,40.625,0
-0.0060883,1,57.629,40.75,40.75,0
-0.0057248,1,57.806,40.875,40.875,0
-0.0053618,1,57.983,41,41,0
-0.0048852,1,58.16,41.125,41.125,0
-0.0044094,1,58.336,41.25,41.25,0
-0.0039343,1,58.513,41.375,41.375,0
-0.0034598,1,58.69,41.5,41.5,0
-0.0029861,1,58.867,41.625,41.625,0
-0.0025131,1,59.043,41.75,41.75,0
-0.0020407,1,59.22,41.875,41.875,0
-0.0015691,1,59.397,42,42,0
-0.0010076,1,59.574,42.125,42.125,0
-0.00044702,1,59.751,42.25,42.25,0
0.00011274,1,59.927,42.375,42.375,0
0.00067166,1,60.104,42.5,42.5,0
0.0012297,1,60.281,42.625,42.625,0
0.001787,1,60.458,42.75,42.75,0
0.0023433,1,60.634,42.875,42.875,0
0.0028989,1,60.811,43,43,0
0.0035171,1,60.988,43.125,43.125,0
0.0041343,1,61.165,43.25,43.25,0
0.0047506,1,61.342,43.375,43.375,0
0.005366,1,61.518,43.5,43.5,0
0.0059804,1,61.695,43.625,43.625,0
0.0065938,1,61.872,43.75,43.75,0
0.0072063,1,62.049,43.875,43.875,0
0.0078179,1,62.225,44,44,0
0.0084629,1,62.402,44.125,44.125,0
0.0091069,1,62.579,44.25,44.25,0
0.0097499,1,62.756,44.375,44.375,0
0.010392,1,62.933,44.5,44.5,0
0.011033,1,63.109,44.625,44.625,0
0.011673,1,63.286,44.75,44.75,0
0.012312,1,63.463,44.875,44.875,0
0.012949,1,63.64,45,45,0
0.013591,1,63.816,45.125,45.125,0
0.014231,1,63.993,45.25,45.25,0
0.014871,1,64.17,45.375,45.375,0
0.015509,1,64.347,45.5,45.5,0
0.016146,1,64.523,45.625,45.625,0
0.016783,1,64.7,45.75,45.75,0
0.017418,1,64.877,45.875,45.875,0
0.018052,1,65.054,46,46,0
0.018661,1,65.231,46.125,46.125,0
0.019268,1,65.407,46.25,46.25,0
0.019875,1,65.584,46.375,46.375,0
0.02048,1,65.761,46.5,46.5,0
0.021085,1,65.938,46.625,46.625,0
0.021688,1,66.114,46.75,46.75,0
0.022291,1,66.291,46.875,46.875,0
0.022892,1,66.468,47,47,0
0.023441,1,66.645,47.125,47.125,0
0.023989,1,66.822,47.25,47.25,0
0.024536,1,66.998,47.375,47.375,0
0.025082,1,67.175,47.5,47.5,0
0.025627,1,67.352,47.625,47.625,0
0.026171,1,67.529,47.75,47.75,0
0.026714,1,67.705,47.875,47.875,0
0.027256,1,67.882,48,48,0
0.027721,1,68.059,48.125,48.125,0
0.028186,1,68.236,48.25,48.25,0
0.02865,1,68.413,48.375,48.375,0
0.029113,1,68.589,48.5,48.5,0
0.029575,1,68.766,48.625,48.625,0
0.030036,1,68.943,48.75,48.75,0
0.030497,1,69.12,48.875,48.875,0
0.030956,1,69.296,49,49,0
0.031319,1,69.473,49.125,49.125,0
0.031682,1,69.65,49.25,49.25,0
0.032044,1,69.827,49.375,49.375,0
0.032405,1,70.004,49.5,49.5,0
0.032766,1,70.18,49.625,49.625,0
0.033125,1,70.357,49.75,49.75,0
0.033484,1,70.534,49.875,49.875,0
0.033843,1,70.711,50,50,0
0.03409,1,70.887,50.125,50.125,0
0.034337,1,71.064,50.25,50.25,0
0.034583,1,71.241,50.375,50.375,0
0.034829,1,71.418,50.5,50.5,0
0.035074,1,71.595,50.625,50.625,0
0.035319,1,71.771,50.75,50.75,0
0.035563,1,71.948,50.875,50.875,0
0.035807,1,72.125,51,51,0
0.03593,1,72.302,51.125,51.125,0
0.036053,1,72.478,51.25,51.25,0
0.036176,1,72.655,51.375,51.375,0
0.036299,1,72.832,51.5,51.5,0
0.036421,1,73.009,51.625,51.625,0
0.036543,1,73.186,51.75,51.75,0
0.036664,1,73.362,51.875,51.875,0
0.036785,1,73.539,52,52,0
0.036783,1,73.716,52.125,52.125,0
0.03678,1,73.893,52.25,52.25,0
0.036777,1,74.069,52.375,52.375,0
0.036775,1,74.246,52.5,52.5,0
0.036772,1,74.423,52.625,52.625,0
0.036769,1,74.6,52.75,52.75,0
0.036766,1,74.777,52.875,52.875,0
0.036762,1,74.953,53,53,0
0.036638,1,75.13,53.125,53.125,0
0.036514,1,75.307,53.25,53.25,0
0.036389,1,75.484,53.375,53.375,0
0.036265,1,75.66,53.5,53.5,0
0.036141,1,75.837,53.625,53.625,0
0.036017,1,76.014,53.75,53.75,0
0.035893,1,76.191,53.875,53.875,0
0.03577,1,76.368,54,54,0
0.035533,1,76.544,54.125,54.125,0
0.035296,1,76.721,54.25,54.25,0
0.03506,1,76.898,54.375,54.375,0
0.034823,1,77.075,54.5,54.5,0
0.034588,1,77.251,54.625,54.625,0
0.034352,1,77.428,54.75,54.75,0
0.034117,1,77.605,54.875,54.875,0
0.033882,1,77.782,55,55,0
0.033547,1,77.959,55.125,55.125,0
0.033212,1,78.135,55.25,55.25,0
0.032878,1,78.312,55.375,55.375,0
0.032545,1,78.489,55.5,55.5,0
0.032212,1,78.666,55.625,55.625,0
0.031879,1,78.842,55.75,55.75,0
0.031547,1,79.019,55.875,55.875,0
0.031215,1,79.196,56,56,0
0.030801,1,79.373,56.125,56.125,0
0.030387,1,79.55,56.25,56.25,0
0.029973,1,79.726,56.375,56.375,0
0.029561,1,79.903,56.5,56.5,0
0.029149,1,80.08,56.625,56.625,0
0.028737,1,80.257,56.75,56.75,0
0.028327,1,80.433,56.875,56.875,0
0.027917,1,80.61,57,57,0
0.027444,1,80.787,57.125,57.125,0
0.026973,1,80.964,57.25,57.25,0
0.026502,1,81.141,57.375,57.375,0
0.026032,1,81.317,57.5,57.5,0
0.025563,1,81.494,57.625,57.625,0
0.025095,1,81.671,57.75,57.75,0
0.024627,1,81.848,57.875,57.875,0
0.024161,1,82.024,58,58,0
0.023655,1,82.201,58.125,58.125,0
0.023149,1,82.378,58.25,58.25,0
0.022645,1,82.555,58.375,58.375,0
0.022142,1,82.731,58.5,58.5,0
0.021639,1,82.908,58.625,58.625,0
0.021138,1,83.085,58.75,58.75,0
0.020637,1,83.262,58.875,58.875,0
0.020137,1,83.439,59,59,0
0.019622,1,83.615,59.125,59.125,0
0.019109,1,83.792,59.25,59.25,0
0.018596,1,83.969,59.375,59.375,0
0.018084,1,84.146,59.5,59.5,0
0.017573,1,84.322,59.625,59.625,0
0.017062,1,84.499,59.75,59.75,0
0.016553,1,84.676,59.875,59.875,0
0.016045,1,84.853,60,60,0
0.015546,1,85.03,60.125,60.125,0
0.015048,1,85.206,60.25,60.25,0
0.014551,1,85.383,60.375,60.375,0
0.014055,1,85.56,60.5,60.5,0
0.01356,1,85.737,60.625,60.625,0
0.013065,1,85.913,60.75,60.75,0
0.012572,1,86.09,60.875,60.875,0
0.012079,1,86.267,61,61,0
0.01162,1,86.444,61.125,61.125,0
0.011161,1,86.621,61.25,61.25,0
0.010703,1,86.797,61.375,61.375,0
0.010246,1,86.974,61.5,61.5,0
0.0097901,1,87.151,61.625,61.625,0
0.0093348,1,87.328,61.75,61.75,0
0.0088803,1,87.504,61.875,61.875,0
0.0084268,1,87.681,62,62,0
0.0080273,1,87.858,62.125,62.125,0
0.0076286,1,88.035,62.25,62.25,0
0.0072307,1,88.212,62.375,62.375,0
0.0068335,1,88.388,62.5,62.5,0
0.0064371,1,88.565,62.625,62.625,0
0.0060415,1,88.742,62.75,62.75,0
0.0056467,1,88.919,62.875,62.875,0
0.0052526,1,89.095,63,63,0
0.0049308,1,89.272,63.125,63.125,0
0.0046097,1,89.449,63.25,63.25,0
0.0042892,1,89.626,63.375,63.375,0
0.0039694,1,89.803,63.5,63.5,0
0.0036502,1,89.979,63.625,63.625,0
0.0033316,1,90.156,63.75,63.75,0
0.0030136,1,90.333,63.875,63.875,0
0.0026963,1,90.51,64,64,0
0.0024658,1,90.686,64.125,64.125,0
0.0022357,1,90.863,64.25,64.25,0
0.0020061,1,91.04,64.375,64.375,0
0.0017769,1,91.217,64.5,64.5,0
0.0015482,1,91.394,64.625,64.625,0
0.00132,1,91.57,64.75,64.75,0
0.0010922,1,91.747,64.875,64.875,0
0.00086494,1,91.924,65,65,0
0.00073444,1,92.101,65.125,65.125,0
0.00060421,1,92.277,65.25,65.25,0
0.00047426,1,92.454,65.375,65.375,0
0.00034457,1,92.631,65.5,65.5,0
0.00021515,1,92.808,65.625,65.625,0
8.6007e-05,1,92.985,65.75,65.75,0
-4.2868e-05,1,93.161,65.875,65.875,0
-0.00017147,1,93.338,66,66,0
-0.00019799,1,93.515,66.125,66.125,0
-0.00022446,1,93.692,66.25,66.25,0
-0.00025087,1,93.868,66.375,66.375,0
-0.00027722,1,94.045,66.5,66.5,0
-0.00030351,1,94.222,66.625,66.625,0
-0.00032974,1,94.399,66.75,66.75,0
-0.00035592,1,94.576,66.875,66.875,0
-0.00038204,1,94.752,67,67,0
-0.00030568,1,94.929,67.125,67.125,0
-0.00022948,1,95.106,67.25,67.25,0
-0.00015344,1,95.283,67.375,67.375,0
-7.757e-05,1,95.459,67.5,67.5,0
-1.8633e-06,1,95.636,67.625,67.625,0
7.3679e-05,1,95.813,67.75,67.75,0
0.00014906,1,95.99,67.875,67.875,0
0.00022427,1,96.167,68,68,0
0.00039757,1,96.343,68.125,68.125,0
0.00057049,1,96.52,68.25,68.25,0
0.00074303,1,96.697,68.375,68.375,0
0.00091518,1,96.874,68.5,68.5,0
0.0010869,1,97.05,68.625,68.625,0
0.0012583,1,97.227,68.75,68.75,0
0.0014293,1,97.404,68.875,68.875,0
0.0015999,1,97.581,69,69,0
0.0018597,1,97.758,69.125,69.125,0
0.002119,1,97.934,69.25,69.25,0
0.0023776,1,98.111,69.375,69.375,0
0.0026356,1,98.288,69.5,69.5,0
0.0028931,1,98.465,69.625,69.625,0
0.0031499,1,98.641,69.75,69.75,0
0.0034062,1,98.818,69.875,69.875,0
0.0036619,1,98.995,70,70,0
0.0039939,1,99.172,70.125,70.125,0
0.0043251,1,99.349,70.25,70.25,0
0.0046556,1,99.525,70.375,70.375,0
0.0049853,1,99.702,70.5,70.5,0
0.0053142,1,99.879,70.625,70.625,0
0.0056423,1,100.06,70.75,70.75,0
0.0059696,1,100.23,70.875,70.875,0
0.0062961,1,100.41,71,71,0
0.0066829,1,100.59,71.125,71.125,0
0.0070687,1,100.76,71.25,71.25,0
0.0074536,1,100.94,71.375,71.375,0
0.0078376,1,101.12,71.5,71.5,0
0.0082206,1,101.29,71.625,71.625,0
0.0086026,1,101.47,71.75,71.75,0
0.0089837,1,101.65,71.875,71.875,0
0.0093639,1,101.82,72,72,0
0.0097857,1,102,72.125,72.125,0
0.010206,1,102.18,72.25,72.25,0
0.010626,1,102.35,72.375,72.375,0
0.011045,1,102.53,72.5,72.5,0
0.011462,1,102.71,72.625,72.625,0
0.011879,1,102.88,72.75,72.75,0
0.012294,1,103.06,72.875,72.875,0
0.012709,1,103.24,73,73,0
0.013144,1,103.41,73.125,73.125,0
0.013579,1,103.59,73.25,73.25,0
0.014012,1,103.77,73.375,73.375,0
0.014445,1,103.94,73.5,73.5,0
0.014876,1,104.12,73.625,73.625,0
0.015306,1,104.3,73.75,73.75,0
0.015735,1,104.48,73.875,73.875,0
0.016163,1,104.65,74,74,0
0.016592,1,104.83,74.125,74.125,0
0.017019,1,105.01,74.25,74.25,0
0.017445,1,105.18,74.375,74.375,0
0.01787,1,105.36,74.5,74.5,0
0.018294,1,105.54,74.625,74.625,0
0.018717,1,105.71,74.75,74.75,0
0.019138,1,105.89,74.875,74.875,0
0.019559,1,106.07,75,75,0
0.019959,1,106.24,75.125,75.125,0
0.020359,1,106.42,75.25,75.25,0
0.020757,1,106.6,75.375,75.375,0
0.021155,1,106.77,75.5,75.5,0
0.021551,1,106.95,75.625,75.625,0
0.021946,1,107.13,75.75,75.75,0
0.02234,1,107.3,75.875,75.875,0
0.022732,1,107.48,76,76,0
0.023086,1,107.66,76.125,76.125,0
0.023439,1,107.83,76.25,76.25,0
0.023791,1,108.01,76.375,76.375,0
0.024142,1,108.19,76.5,76.5,0
0.024492,1,108.36,76.625,76.625,0
0.02484,1,108.54,76.75,76.75,0
0.025188,1,108.72,76.875,76.875,0
0.025535,1,108.89,77,77,0
0.025826,1,109.07,77.125,77.125,0
0.026116,1,109.25,77.25,77.25,0
0.026405,1,109.42,77.375,77.375,0
0.026693,1,109.6,77.5,77.5,0
0.02698,1,109.78,77.625,77.625,0
0.027267,1,109.96,77.75,77.75,0
0.027552,1,110.13,77.875,77.875,0
0.027836,1,110.31,78,78,0
0.028051,1,110.49,78.125,78.125,0
0.028266,1,110.66,78.25,78.25,0
0.028479,1,110.84,78.375,78.375,0
0.028692,1,111.02,78.5,78.5,0
0.028904,1,111.19,78.625,78.625,0
0.029115,1,111.37,78.75,78.75,0
0.029325,1,111.55,78.875,78.875,0
0.029535,1,111.72,79,79,0
0.029664,1,111.9,79.125,79.125,0
0.029793,1,112.08,79.25,79.25,0
0.029922,1,112.25,79.375,79.375,0
0.03005,1,112.43,79.5,79.5,0
0.030178,1,112.61,79.625,79.625,0
0.030304,1,112.78,79.75,79.75,0
0.030431,1,112.96,79.875,79.875,0
0.030556,1,113.14,80,80,0
0.030596,1,113.31,80.125,80.125,0
0.030635,1,113.49,80.25,80.25,0
0.030674,1,113.67,80.375,80.375,0
0.030713,1,113.84,80.5,80.5,0
0.030751,1,114.02,80.625,80.625,0
0.030789,1,114.2,80.75,80.75,0
0.030826,1,114.37,80.875,80.875,0
0.030863,1,114.55,81,81,0
0.030812,1,114.73,81.125,81.125,0
0.03076,1,114.9,81.25,81.25,0
0.030709,1,115.08,81.375,81.375,0
0.030657,1,115.26,81.5,81.5,0
0.030605,1,115.44,81.625,81.625,0
0.030554,1,115.61,81.75,81.75,0
0.030502,1,115.79,81.875,81.875,0
0.03045,1,115.97,82,82,0
0.030311,1,116.14,82.125,82.125,0
0.030173,1,116.32,82.25,82.25,0
0.030035,1,116.5,82.375,82.375,0
0.029897,1,116.67,82.5,82.5,0
0.029759,1,116.85,82.625,82.625,0
0.029621,1,117.03,82.75,82.75,0
0.029483,1,117.2,82.875,82.875,0
0.029346,1,117.38,83,83,0
0.029128,1,117.56,83.125,83.125,0
0.028911,1,117.73,83.25,83.25,0
0.028693,1,117.91,83.375,83.375,0
0.028477,1,118.09,83.5,83.5,0
0.02826,1,118.26,83.625,83.625,0
0.028045,1,118.44,83.75,83.75,0
0.027829,1,118.62,83.875,83.875,0
0.027614,1,118.79,84,84,0
0.027328,1,118.97,84.125,84.125,0
0.027043,1,119.15,84.25,84.25,0
0.026758,1,119.32,84.375,84.375,0
0.026474,1,119.5,84.5,84.5,0
0.026191,1,119.68,84.625,84.625,0
0.025908,1,119.85,84.75,84.75,0
0.025626,1,120.03,84.875,84.875,0
0.025344,1,120.21,85,85,0
0.025005,1,120.38,85.125,85.125,0
0.024666,1,120.56,85.25,85.25,0
0.024328,1,120.74,85.375,85.375,0
0.023991,1,120.92,85.5,85.5,0
0.023655,1,121.09,85.625,85.625,0
0.023319,1,121.27,85.75,85.75,0
0.022985,1,121.45,85.875,85.875,0
0.022651,1,121.62,86,86,0
0.022275,1,121.8,86.125,86.125,0
0.0219,1,121.98,86.25,86.25,0
0.021525,1,122.15,86.375,86.375,0
0.021152,1,122.33,86.5,86.5,0
0.020779,1,122.51,86.625,86.625,0
0.020408,1,122.68,86.75,86.75,0
0.020038,1,122.86,86.875,86.875,0
0.019668,1,123.04,87,87,0
0.019273,1,123.21,87.125,87.125,0
0.018879,1,123.39,87.25,87.25,0
0.018486,1,123.57,87.375,87.375,0
0.018095,1,123.74,87.5,87.5,0
0.017704,1,123.92,87.625,87.625,0
0.017314,1,124.1,87.75,87.75,0
0.016926,1,124.27,87.875,87.875,0
0.016539,1,124.45,88,88,0
0.016144,1,124.63,88.125,88.125,0
0.01575,1,124.8,88.25,88.25,0
0.015357,1,124.98,88.375,88.375,0
0.014966,1,125.16,88.5,88.5,0
0.014576,1,125.33,88.625,88.625,0
0.014186,1,125.51,88.75,88.75,0
0.013799,1,125.69,88.875,88.875,0
0.013412,1,125.87,89,89,0
0.013035,1,126.04,89.125,89.125,0
0.01266,1,126.22,89.25,89.25,0
0.012286,1,126.4,89.375,89.375,0
0.011913,1,126.57,89.5,89.5,0
0.011541,1,126.75,89.625,89.625,0
0.01117,1,126.93,89.75,89.75,0
0.010801,1,127.1,89.875,89.875,0
0.010433,1,127.28,90,90,0
0.010092,1,127.46,90.125,90.125,0
0.0097521,1,127.63,90.25,90.25,0
0.0094135,1,127.81,90.375,90.375,0
0.0090761,1,127.99,90.5,90.5,0
0.0087397,1,128.16,90.625,90.625,0
0.0084044,1,128.34,90.75,90.75,0
0.0080702,1,128.52,90.875,90.875,0
0.0077371,1,128.69,91,91,0
0.0074472,1,128.87,91.125,91.125,0
0.0071582,1,129.05,91.25,91.25,0
0.0068702,1,129.22,91.375,91.375,0
0.0065832,1,129.4,91.5,91.5,0
0.0062971,1,129.58,91.625,91.625,0
0.006012,1,129.75,91.75,91.75,0
0.0057279,1,129.93,91.875,91.875,0
0.0054448,1,130.11,92,92,0
0.0052181,1,130.28,92.125,92.125,0
0.0049922,1,130.46,92.25,92.25,0
0.004767,1,130.64,92.375,92.375,0
0.0045427,1,130.81,92.5,92.5,0
0.0043191,1,130.99,92.625,92.625,0
0.0040964,1,131.17,92.75,92.75,0
0.0038744,1,131.35,92.875,92.875,0
0.0036533,1,131.52,93,93,0
0.0034989,1,131.7,93.125,93.125,0
0.0033451,1,131.88,93.25,93.25,0
0.0031919,1,132.05,93.375,93.375,0
0.0030392,1,132.23,93.5,93.5,0
0.002887,1,132.41,93.625,93.625,0
0.0027354,1,132.58,93.75,93.75,0
0.0025844,1,132.76,93.875,93.875,0
0.0024339,1,132.94,94,94,0
0.0023573,1,133.11,94.125,94.125,0
0.002281,1,133.29,94.25,94.25,0
0.002205,1,133.47,94.375,94.375,0
0.0021292,1,133.64,94.5,94.5,0
0.0020537,1,133.82,94.625,94.625,0
0.0019784,1,134,94.75,94.75,0
0.0019035,1,134.17,94.875,94.875,0
0.0018288,1,134.35,95,95,0
0.0018314,1,134.53,95.125,95.125,0
0.001834,1,134.7,95.25,95.25,0
0.0018366,1,134.88,95.375,95.375,0
0.0018391,1,135.06,95.5,95.5,0
0.0018416,1,135.23,95.625,95.625,0
0.001844,1,135.41,95.75,95.75,0
0.0018464,1,135.59,95.875,95.875,0
0.0018488,1,135.76,96,96,0
0.0019282,1,135.94,96.125,96.125,0
0.0020073,1,136.12,96.25,96.25,0
0.002086,1,136.29,96.375,96.375,0
0.0021643,1,136.47,96.5,96.5,0
0.0022422,1,136.65,96.625,96.625,0
0.0023197,1,136.83,96.75,96.75,0
0.0023969,1,137,96.875,96.875,0
0.0024736,1,137.18,97,97,0
0.0026236,1,137.36,97.125,97.125,0
0.0027729,1,137.53,97.25,97.25,0
0.0029215,1,137.71,97.375,97.375,0
0.0030693,1,137.89,97.5,97.5,0
0.0032164,1,138.06,97.625,97.625,0
0.0033627,1,138.24,97.75,97.75,0
0.0035083,1,138.42,97.875,97.875,0
0.0036532,1,138.59,98,98,0
0.0038641,1,138.77,98.125,98.125,0
0.0040739,1,138.95,98.25,98.25,0
0.0042827,1,139.12,98.375,98.375,0
0.0044903,1,139.3,98.5,98.5,0
0.0046969,1,139.48,98.625,98.625,0
0.0049024,1,139.65,98.75,98.75,0
0.0051069,1,139.83,98.875,98.875,0
0.0053102,1,140.01,99,99,0
0.0055694,1,140.18,99.125,99.125,0
0.0058272,1,140.36,99.25,99.25,0
0.0060836,1,140.54,99.375,99.375,0
0.0063385,1,140.71,99.5,99.5,0
0.0065921,1,140.89,99.625,99.625,0
0.0068443,1,141.07,99.75,99.75,0
0.0070951,1,141.24,99.875,99.875,0
0.0073445,1,141.42,100,100,0
0.007637,1,141.6,100.12,100.12,0
0.0079279,1,141.77,100.25,100.25,0
0.0082171,1,141.95,100.38,100.38,0
0.0085046,1,142.13,100.5,100.5,0
0.0087905,1,142.31,100.62,100.62,0
0.0090746,1,142.48,100.75,100.75,0
0.0093571,1,142.66,100.88,100.88,0
0.0096378,1,142.84,101,101,0
0.0099473,1,143.01,101.12,101.12,0
0.010255,1,143.19,101.25,101.25,0
0.010561,1,143.37,101.38,101.38,0
0.010864,1,143.54,101.5,101.5,0
0.011166,1,143.72,101.62,101.62,0
0.011466,1,143.9,101.75,101.75,0
0.011764,1,144.07,101.88,101.88,0
0.01206,1,144.25,102,102,0
0.01237,1,144.43,102.12,102.12,0
0.012677,1,144.6,102.25,102.25,0
0.012982,1,144.78,102.38,102.38,0
0.013285,1,144.96,102.5,102.5,0
0.013586,1,145.13,102.62,102.62,0
0.013885,1,145.31,102.75,102.75,0
0.014182,1,145.49,102.88,102.88,0
0.014477,1,145.66,103,103,0
0.014769,1,145.84,103.12,103.12,0
0.015059,1,146.02,103.25,103.25,0
0.015346,1,146.19,103.38,103.38,0
0.015632,1,146.37,103.5,103.5,0
0.015916,1,146.55,103.62,103.62,0
0.016197,1,146.72,103.75,103.75,0
0.016476,1,146.9,103.88,103.88,0
0.016753,1,147.08,104,104,0
0.017012,1,147.25,104.12,104.12,0
0.017268,1,147.43,104.25,104.25,0
0.017523,1,147.61,104.38,104.38,0
0.017775,1,147.79,104.5,104.5,0
0.018026,1,147.96,104.62,104.62,0
0.018274,1,148.14,104.75,104.75,0
0.018519,1,148.32,104.88,104.88,0
0.018763,1,148.49,105,105,0
0.018974,1,148.67,105.12,105.12,0
0.019184,1,148.85,105.25,105.25,0
0.019391,1,149.02,105.38,105.38,0
0.019596,1,149.2,105.5,105.5,0
0.019799,1,149.38,105.62,105.62,0
0.02,1,149.55,105.75,105.75,0
0.020199,1,149.73,105.88,105.88,0
0.020396,1,149.91,106,106,0
0.020548,1,150.08,106.12,106.12,0
0.020698,1,150.26,106.25,106.25,0
0.020846,1,150.44,106.38,106.38,0
0.020993,1,150.61,106.5,106.5,0
0.021137,1,150.79,106.62,106.62,0
0.02128,1,150.97,106.75,106.75,0
0.02142,1,151.14,106.88,106.88,0
0.021559,1,151.32,107,107,0
0.021643,1,151.5,107.12,107.12,0
0.021726,1,151.67,107.25,107.25,0
0.021806,1,151.85,107.38,107.38,0
0.021886,1,152.03,107.5,107.5,0
0.021963,1,152.2,107.62,107.62,0
0.022039,1,152.38,107.75,107.75,0
0.022113,1,152.56,107.88,107.88,0
0.022185,1,152.74,108,108,0
0.022196,1,152.91,108.12,108.12,0
0.022206,1,153.09,108.25,108.25,0
0.022214,1,153.27,108.38,108.38,0
0.022221,1,153.44,108.5,108.5,0
0.022227,1,153.62,108.62,108.62,0
0.022231,1,153.8,108.75,108.75,0
0.022234,1,153.97,108.88,108.88,0
0.022235,1,154.15,109,109,0
0.022171,1,154.33,109.12,109.12,0
0.022107,1,154.5,109.25,109.25,0
0.022041,1,154.68,109.38,109.38,0
0.021974,1,154.86,109.5,109.5,0
0.021907,1,155.03,109.62,109.62,0
0.021838,1,155.21,109.75,109.75,0
0.021769,1,155.39,109.88,109.88,0
0.021699,1,155.56,110,110,0
0.021562,1,155.74,110.12,110.12,0
0.021425,1,155.92,110.25,110.25,0
0.021288,1,156.09,110.38,110.38,0
0.02115,1,156.27,110.5,110.5,0
0.021012,1,156.45,110.62,110.62,0
0.020874,1,156.62,110.75,110.75,0
0.020735,1,156.8,110.88,110.88,0
0.020596,1,156.98,111,111,0
0.020392,1,157.15,111.12,111.12,0
0.020189,1,157.33,111.25,111.25,0
0.019987,1,157.51,111.38,111.38,0
0.019784,1,157.68,111.5,111.5,0
0.019581,1,157.86,111.62,111.62,0
0.019379,1,158.04,111.75,111.75,0
0.019177,1,158.22,111.88,111.88,0
0.018975,1,158.39,112,112,0
0.018715,1,158.57,112.12,112.12,0
0.018455,1,158.75,112.25,112.25,0
0.018196,1,158.92,112.38,112.38,0
0.017938,1,159.1,112.5,112.5,0
0.017681,1,159.28,112.62,112.62,0
0.017424,1,159.45,112.75,112.75,0
0.017168,1,159.63,112.88,112.88,0
0.016914,1,159.81,113,113,0
0.016608,1,159.98,113.12,113.12,0
0.016304,1,160.16,113.25,113.25,0
0.016002,1,160.34,113.38,113.38,0
0.015701,1,160.51,113.5,113.5,0
0.015401,1,160.69,113.62,113.62,0
0.015103,1,160.87,113.75,113.75,0
0.014806,1,161.04,113.88,113.88,0
0.01451,1,161.22,114,114,0
0.014175,1,161.4,114.12,114.12,0
0.013841,1,161.57,114.25,114.25,0
0.01351,1,161.75,114.38,114.38,0
0.01318,1,161.93,114.5,114.5,0
0.012853,1,162.1,114.62,114.62,0
0.012527,1,162.28,114.75,114.75,0
0.012204,1,162.46,114.88,114.88,0
0.011883,1,162.63,115,115,0
0.011533,1,162.81,115.12,115.12,0
0.011187,1,162.99,115.25,115.25,0
0.010843,1,163.16,115.38,115.38,0
0.010501,1,163.34,115.5,115.5,0
0.010162,1,163.52,115.62,115.62,0
0.0098262,1,163.7,115.75,115.75,0
0.0094927,1,163.87,115.88,115.88,0
0.0091619,1,164.05,116,116,0
0.0088159,1,164.23,116.12,116.12,0
0.008473,1,164.4,116.25,116.25,0
0.0081335,1,164.58,116.38,116.38,0
0.0077971,1,164.76,116.5,116.5,0
0.007464,1,164.93,116.62,116.62,0
0.0071341,1,165.11,116.75,116.75,0
0.0068075,1,165.29,116.88,116.88,0
0.0064842,1,165.46,117,117,0
0.0061587,1,165.64,117.12,117.12,0
0.0058369,1,165.82,117.25,117.25,0
0.005519,1,165.99,117.38,117.38,0
0.0052048,1,166.17,117.5,117.5,0
0.0048944,1,166.35,117.62,117.62,0
0.0045877,1,166.52,117.75,117.75,0
0.0042849,1,166.7,117.88,117.88,0
0.0039857,1,166.88,118,118,0
0.0036972,1,167.05,118.12,118.12,0
0.0034129,1,167.23,118.25,118.25,0
0.0031328,1,167.41,118.38,118.38,0
0.002857,1,167.58,118.5,118.5,0
0.0025854,1,167.76,118.62,118.62,0
0.0023179,1,167.94,118.75,118.75,0
0.0020547,1,168.11,118.88,118.88,0
0.0017958,1,168.29,119,119,0
0.001559,1,168.47,119.12,119.12,0
0.0013268,1,168.64,119.25,119.25,0
0.0010991,1,168.82,119.38,119.38,0
0.00087609,1,169,119.5,119.5,0
0.00065763,1,169.18,119.62,119.62,0
0.00044375,1,169.35,119.75,119.75,0
0.00023445,1,169.53,119.88,119.88,0
2.9744e-05,1,169.71,120,120,0
-0.00014296,1,169.88,120.12,120.12,0
-0.00031082,1,170.06,120.25,120.25,0
-0.00047383,1,170.24,120.38,120.38,0
-0.000632,1,170.41,120.5,120.5,0
-0.00078533,1,170.59,120.62,120.62,0
-0.00093381,1,170.77,120.75,120.75,0
-0.0010775,1,170.94,120.88,120.88,0
-0.0012162,1,171.12,121,121,0
-0.0013155,1,171.3,121.12,121.12,0
-0.0014097,1,171.47,121.25,121.25,0
-0.001499,1,171.65,121.38,121.38,0
-0.0015833,1,171.83,121.5,121.5,0
-0.0016625,1,172,121.62,121.62,0
-0.0017368,1,172.18,121.75,121.75,0
-0.0018061,1,172.36,121.88,121.88,0
-0.0018704,1,172.53,122,122,0
-0.0018903,1,172.71,122.12,122.12,0
-0.0019052,1,172.89,122.25,122.25,0
-0.0019151,1,173.06,122.38,122.38,0
-0.00192,1,173.24,122.5,122.5,0
-0.0019198,1,173.42,122.62,122.62,0
-0.0019146,1,173.59,122.75,122.75,0
-0.0019044,1,173.77,122.88,122.88,0
-0.0018892,1,173.95,123,123,0
-0.0018277,1,174.13,123.12,123.12,0
-0.0017613,1,174.3,123.25,123.25,0
-0.00169,1,174.48,123.38,123.38,0
-0.0016137,1,174.66,123.5,123.5,0
-0.0015325,1,174.83,123.62,123.62,0
-0.0014465,1,175.01,123.75,123.75,0
-0.0013554,1,175.19,123.88,123.88,0
-0.0012595,1,175.36,124,124,0
-0.0011185,1,175.54,124.12,124.12,0
-0.00097283,1,175.72,124.25,124.25,0
-0.00082245,1,175.89,124.38,124.38,0
-0.00066736,1,176.07,124.5,124.5,0
-0.00050757,1,176.25,124.62,124.62,0
-0.00034308,1,176.42,124.75,124.75,0
-0.00017389,1,176.6,124.88,124.88,0
0,1,176.78,125,125,0
0.00021467,1,176.95,125.12,125.12,0
0.0004337,1,177.13,125.25,125.25,0
0.0006571,1,177.31,125.38,125.38,0
0.00088485,1,177.48,125.5,125.5,0
0.001117,1,177.66,125.62,125.62,0
0.0013535,1,177.84,125.75,125.75,0
0.0015943,1,178.01,125.88,125.88,0
0.0018395,1,178.19,126,126,0
0.0021184,1,178.37,126.12,126.12,0
0.0024011,1,178.54,126.25,126.25,0
0.0026878,1,178.72,126.38,126.38,0
0.0029784,1,178.9,126.5,126.5,0
0.0032729,1,179.07,126.62,126.62,0
0.0035713,1,179.25,126.75,126.75,0
0.0038737,1,179.43,126.88,126.88,0
0.0041799,1,179.61,127,127,0
0.0045102,1,179.78,127.12,127.12,0
0.0048438,1,179.96,127.25,127.25,0
0.0051808,1,180.14,127.38,127.38,0
0.0055211,1,180.31,127.5,127.5,0
0.0058649,1,180.49,127.62,127.62,0
0.0062119,1,180.67,127.75,127.75,0
0.0065624,1,180.84,127.88,127.88,0
0.0069162,1,181.02,128,128,0
0.0072824,1,181.2,128.12,128.12,0
0.0076513,1,181.37,128.25,128.25,0
0.0080229,1,181.55,128.38,128.38,0
0.0083973,1,181.73,128.5,128.5,0
0.0087744,1,181.9,128.62,128.62,0
0.0091543,1,182.08,128.75,128.75,0
0.0095369,1,182.26,128.88,128.88,0
0.0099222,1,182.43,129,129,0
0.010307,1,182.61,129.12,129.12,0
0.010693,1,182.79,129.25,129.25,0
0.011082,1,182.96,129.38,129.38,0
0.011473,1,183.14,129.5,129.5,0
0.011865,1,183.32,129.62,129.62,0
0.01226,1,183.49,129.75,129.75,0
0.012657,1,183.67,129.88,129.88,0
0.013056,1,183.85,130,130,0
0.01344,1,184.02,130.12,130.12,0
0.013826,1,184.2,130.25,130.25,0
0.014213,1,184.38,130.38,130.38,0
0.014601,1,184.55,130.5,130.5,0
0.01499,1,184.73,130.62,130.62,0
0.015381,1,184.91,130.75,130.75,0
0.015773,1,185.09,130.88,130.88,0
0.016166,1,185.26,131,131,0
0.016531,1,185.44,131.12,131.12,0
0.016897,1,185.62,131.25,131.25,0
0.017263,1,185.79,131.38,131.38,0
0.017629,1,185.97,131.5,131.5,0
0.017996,1,186.15,131.62,131.62,0
0.018364,1,186.32,131.75,131.75,0
0.018732,1,186.5,131.88,131.88,0
0.0191,1,186.68,132,132,0
0.019427,1,186.85,132.12,132.12,0
0.019754,1,187.03,132.25,132.25,0
0.02008,1,187.21,132.38,132.38,0
0.020407,1,187.38,132.5,132.5,0
0.020733,1,187.56,132.62,132.62,0
0.021059,1,187.74,132.75,132.75,0
0.021384,1,187.91,132.88,132.88,0
0.021709,1,188.09,133,133,0
0.021981,1,188.27,133.12,133.12,0
0.022252,1,188.44,133.25,133.25,0
0.022522,1,188.62,133.38,133.38,0
0.022791,1,188.8,133.5,133.5,0
0.023059,1,188.97,133.62,133.62,0
0.023326,1,189.15,133.75,133.75,0
0.023592,1,189.33,133.88,133.88,0
0.023857,1,189.5,134,134,0
0.024059,1,189.68,134.12,134.12,0
0.02426,1,189.86,134.25,134.25,0
0.024458,1,190.03,134.38,134.38,0
0.024655,1,190.21,134.5,134.5,0
0.02485,1,190.39,134.62,134.62,0
0.025044,1,190.57,134.75,134.75,0
0.025236,1,190.74,134.88,134.88,0
0.025426,1,190.92,135,135,0
0.025546,1,191.1,135.12,135.12,0
0.025664,1,191.27,135.25,135.25,0
0.02578,1,191.45,135.38,135.38,0
0.025893,1,191.63,135.5,135.5,0
0.026004,1,191.8,135.62,135.62,0
0.026112,1,191.98,135.75,135.75,0
0.026218,1,192.16,135.88,135.88,0
0.026322,1,192.33,136,136,0
0.026352,1,192.51,136.12,136.12,0
0.026379,1,192.69,136.25,136.25,0
0.026403,1,192.86,136.38,136.38,0
0.026424,1,193.04,136.5,136.5,0
0.026443,1,193.22,136.62,136.62,0
0.026458,1,193.39,136.75,136.75,0
0.026471,1,193.57,136.88,136.88,0
0.02648,1,193.75,137,137,0
0.026416,1,193.92,137.12,137.12,0
0.026348,1,194.1,137.25,137.25,0
0.026276,1,194.28,137.38,137.38,0
0.026201,1,194.45,137.5,137.5,0
0.026123,1,194.63,137.62,137.62,0
0.026042,1,194.81,137.75,137.75,0
0.025957,1,194.98,137.88,137.88,0
0.025868,1,195.16,138,138,0
0.025709,1,195.34,138.12,138.12,0
0.025545,1,195.52,138.25,138.25,0
0.025378,1,195.69,138.38,138.38,0
0.025208,1,195.87,138.5,138.5,0
0.025033,1,196.05,138.62,138.62,0
0.024855,1,196.22,138.75,138.75,0
0.024673,1,196.4,138.88,138.88,0
0.024487,1,196.58,139,139,0
0.024237,1,196.75,139.12,139.12,0
0.023983,1,196.93,139.25,139.25,0
0.023725,1,197.11,139.38,139.38,0
0.023462,1,197.28,139.5,139.5,0
0.023196,1,197.46,139.62,139.62,0
0.022926,1,197.64,139.75,139.75,0
0.022652,1,197.81,139.88,139.88,0
0.022373,1,197.99,140,140,0
0.022041,1,198.17,140.12,140.12,0
0.021704,1,198.34,140.25,140.25,0
0.021363,1,198.52,140.38,140.38,0
0.021018,1,198.7,140.5,140.5,0
0.020669,1,198.87,140.62,140.62,0
0.020315,1,199.05,140.75,140.75,0
0.019958,1,199.23,140.88,140.88,0
0.019596,1,199.4,141,141,0
0.019193,1,199.58,141.12,141.12,0
0.018786,1,199.76,141.25,141.25,0
0.018375,1,199.93,141.38,141.38,0
0.017959,1,200.11,141.5,141.5,0
0.017539,1,200.29,141.62,141.62,0
0.017115,1,200.46,141.75,141.75,0
0.016687,1,200.64,141.88,141.88,0
0.016255,1,200.82,142,142,0
0.015797,1,201,142.12,142.12,0
0.015335,1,201.17,142.25,142.25,0
0.014869,1,201.35,142.38,142.38,0
0.014399,1,201.53,142.5,142.5,0
0.013924,1,201.7,142.62,142.62,0
0.013446,1,201.88,142.75,142.75,0
0.012963,1,202.06,142.88,142.88,0
0.012477,1,202.23,143,143,0
0.011982,1,202.41,143.12,143.12,0
0.011483,1,202.59,143.25,143.25,0
0.010981,1,202.76,143.38,143.38,0
0.010474,1,202.94,143.5,143.5,0
0.0099636,1,203.12,143.62,143.62,0
0.0094492,1,203.29,143.75,143.75,0
0.0089309,1,203.47,143.88,143.88,0
0.0084087,1,203.65,144,144,0
0.0078969,1,203.82,144.12,144.12,0
0.0073814,1,204,144.25,144.25,0
0.0068623,1,204.18,144.38,144.38,0
0.0063396,1,204.35,144.5,144.5,0
0.0058132,1,204.53,144.62,144.62,0
0.0052832,1,204.71,144.75,144.75,0
0.0047496,1,204.88,144.88,144.88,0
0.0042124,1,205.06,145,145,0
0.0037044,1,205.24,145.12,145.12,0
0.0031931,1,205.41,145.25,145.25,0
0.0026785,1,205.59,145.38,145.38,0
0.0021607,1,205.77,145.5,145.5,0
0.0016397,1,205.94,145.62,145.62,0
0.0011154,1,206.12,145.75,145.75,0
0.00058784,1,206.3,145.88,145.88,0
5.7044e-05,1,206.48,146,146,0
-0.00042634,1,206.65,146.12,146.12,0
-0.00091254,1,206.83,146.25,146.25,0
-0.0014015,1,207.01,146.38,146.38,0
-0.0018933,1,207.18,146.5,146.5,0
-0.0023879,1,207.36,146.62,146.62,0
-0.0028854,1,207.54,146.75,146.75,0
-0.0033856,1,207.71,146.88,146.88,0
-0.0038886,1,207.89,147,147,0
-0.0043274,1,208.07,147.12,147.12,0
-0.0047685,1,208.24,147.25,147.25,0
-0.0052119,1,208.42,147.38,147.38,0
-0.0056576,1,208.6,147.5,147.5,0
-0.0061056,1,208.77,147.62,147.62,0
-0.0065559,1,208.95,147.75,147.75,0
-0.0070086,1,209.13,147.88,147.88,0
-0.0074635,1,209.3,148,148,0
-0.0078396,1,209.48,148.12,148.12,0
-0.0082175,1,209.66,148.25,148.25,0
-0.0085971,1,209.83,148.38,148.38,0
-0.0089786,1,210.01,148.5,148.5,0
-0.0093618,1,210.19,148.62,148.62,0
-0.0097468,1,210.36,148.75,148.75,0
-0.010134,1,210.54,148.88,148.88,0
-0.010522,1,210.72,149,149,0
-0.01082,1,210.89,149.12,149.12,0
-0.011119,1,211.07,149.25,149.25,0
-0.01142,1,211.25,149.38,149.38,0
-0.011721,1,211.42,149.5,149.5,0
-0.012024,1,211.6,149.62,149.62,0
-0.012329,1,211.78,149.75,149.75,0
-0.012634,1,211.96,149.88,149.88,0
-0.012941,1,212.13,150,150,0
-0.013149,1,212.31,150.12,150.12,0
-0.013357,1,212.49,150.25,150.25,0
-0.013566,1,212.66,150.38,150.38,0
-0.013776,1,212.84,150.5,150.5,0
-0.013987,1,213.02,150.62,150.62,0
-0.014198,1,213.19,150.75,150.75,0
-0.01441,1,213.37,150.88,150.88,0
-0.014623,1,213.55,151,151,0
-0.014733,1,213.72,151.12,151.12,0
-0.014843,1,213.9,151.25,151.25,0
-0.014953,1,214.08,151.38,151.38,0
-0.015063,1,214.25,151.5,151.5,0
-0.015174,1,214.43,151.62,151.62,0
-0.015284,1,214.61,151.75,151.75,0
-0.015395,1,214.78,151.88,151.88,0
-0.015506,1,214.96,152,152,0
-0.015514,1,215.14,152.12,152.12,0
-0.015522,1,215.31,152.25,152.25,0
-0.015529,1,215.49,152.38,152.38,0
-0.015536,1,215.67,152.5,152.5,0
-0.015543,1,215.84,152.62,152.62,0
-0.01555,1,216.02,152.75,152.75,0
-0.015556,1,216.2,152.88,152.88,0
-0.015562,1,216.37,153,153,0
-0.015469,1,216.55,153.12,153.12,0
-0.015375,1,216.73,153.25,153.25,0
-0.015281,1,216.9,153.38,153.38,0
-0.015186,1,217.08,153.5,153.5,0
-0.01509,1,217.26,153.62,153.62,0
-0.014993,1,217.44,153.75,153.75,0
-0.014896,1,217.61,153.88,153.88,0
-0.014798,1,217.79,154,154,0
-0.01461,1,217.97,154.12,154.12,0
-0.014421,1,218.14,154.25,154.25,0
-0.01423,1,218.32,154.38,154.38,0
-0.014039,1,218.5,154.5,154.5,0
-0.013846,1,218.67,154.62,154.62,0
-0.013653,1,218.85,154.75,154.75,0
-0.013458,1,219.03,154.88,154.88,0
-0.013262,1,219.2,155,155,0
-0.012989,1,219.38,155.12,155.12,0
-0.012713,1,219.56,155.25,155.25,0
-0.012437,1,219.73,155.38,155.38,0
-0.012159,1,219.91,155.5,155.5,0
-0.01188,1,220.09,155.62,155.62,0
-0.0116,1,220.26,155.75,155.75,0
-0.011318,1,220.44,155.88,155.88,0
-0.011035,1,220.62,156,156,0
-0.010689,1,220.79,156.12,156.12,0
-0.010342,1,220.97,156.25,156.25,0
-0.0099936,1,221.15,156.38,156.38,0
-0.0096435,1,221.32,156.5,156.5,0
-0.0092919,1,221.5,156.62,156.62,0
-0.0089387,1,221.68,156.75,156.75,0
-0.008584,1,221.85,156.88,156.88,0
-0.0082277,1,222.03,157,157,0
-0.0078277,1,222.21,157.12,157.12,0
-0.0074261,1,222.39,157.25,157.25,0
-0.0070228,1,222.56,157.38,157.38,0
-0.0066178,1,222.74,157.5,157.5,0
-0.0062112,1,222.92,157.62,157.62,0
-0.0058029,1,223.09,157.75,157.75,0
-0.0053929,1,223.27,157.88,157.88,0
-0.0049813,1,223.45,158,158,0
-0.0045465,1,223.62,158.12,158.12,0
-0.00411,1,223.8,158.25,158.25,0
-0.0036718,1,223.98,158.38,158.38,0
-0.003232,1,224.15,158.5,158.5,0
-0.0027904,1,224.33,158.62,158.62,0
-0.0023471,1,224.51,158.75,158.75,0
-0.0019022,1,224.68,158.88,158.88,0
-0.0014556,1,224.86,159,159,0
-0.0010074,1,225.04,159.12,159.12,0
-0.00055753,1,225.21,159.25,159.25,0
-0.00010606,1,225.39,159.38,159.38,0
0.00034705,1,225.57,159.5,159.5,0
0.0008018,1,225.74,159.62,159.62,0
0.0012582,1,225.92,159.75,159.75,0
0.0017162,1,226.1,159.88,159.88,0
0.0021759,1,226.27,160,160,0
0.0026153,1,226.45,160.12,160.12,0
0.0030562,1,226.63,160.25,160.25,0
0.0034987,1,226.8,160.38,160.38,0
0.0039426,1,226.98,160.5,160.5,0
0.0043881,1,227.16,160.62,160.62,0
0.0048351,1,227.33,160.75,160.75,0
0.0052836,1,227.51,160.88,160.88,0
0.0057336,1,227.69,161,161,0
0.0061424,1,227.87,161.12,161.12,0
0.0065524,1,228.04,161.25,161.25,0
0.0069638,1,228.22,161.38,161.38,0
0.0073765,1,228.4,161.5,161.5,0
0.0077906,1,228.57,161.62,161.62,0
0.008206,1,228.75,161.75,161.75,0
0.0086227,1,228.93,161.88,161.88,0
0.0090407,1,229.1,162,162,0
0.0093981,1,229.28,162.12,162.12,0
0.0097567,1,229.46,162.25,162.25,0
0.010116,1,229.63,162.38,162.38,0
0.010477,1,229.81,162.5,162.5,0
0.010839,1,229.99,162.62,162.62,0
0.011202,1,230.16,162.75,162.75,0
0.011566,1,230.34,162.88,162.88,0
0.011931,1,230.52,163,163,0
0.012218,1,230.69,163.12,163.12,0
0.012507,1,230.87,163.25,163.25,0
0.012796,1,231.05,163.38,163.38,0
0.013087,1,231.22,163.5,163.5,0
0.013378,1,231.4,163.62,163.62,0
0.013669,1,231.58,163.75,163.75,0
0.013962,1,231.75,163.88,163.88,0
0.014255,1,231.93,164,164,0
0.014458,1,232.11,164.12,164.12,0
0.014661,1,232.28,164.25,164.25,0
0.014865,1,232.46,164.38,164.38,0
0.01507,1,232.64,164.5,164.5,0
0.015274,1,232.81,164.62,164.62,0
0.01548,1,232.99,164.75,164.75,0
0.015685,1,233.17,164.88,164.88,0
0.015892,1,233.35,165,165,0
0.015998,1,233.52,165.12,165.12,0
0.016105,1,233.7,165.25,165.25,0
0.016211,1,233.88,165.38,165.38,0
0.016318,1,234.05,165.5,165.5,0
0.016425,1,234.23,165.62,165.62,0
0.016532,1,234.41,165.75,165.75,0
0.01664,1,234.58,165.88,165.88,0
0.016747,1,234.76,166,166,0
0.01675,1,234.94,166.12,166.12,0
0.016753,1,235.11,166.25,166.25,0
0.016755,1,235.29,166.38,166.38,0
0.016758,1,235.47,166.5,166.5,0
0.01676,1,235.64,166.62,166.62,0
0.016762,1,235.82,166.75,166.75,0
0.016764,1,236,166.88,166.88,0
0.016766,1,236.17,167,167,0
0.016663,1,236.35,167.12,167.12,0
0.016559,1,236.53,167.25,167.25,0
0.016455,1,236.7,167.38,167.38,0
0.016351,1,236.88,167.5,167.5,0
0.016246,1,237.06,167.62,167.62,0
0.016141,1,237.23,167.75,167.75,0
0.016035,1,237.41,167.88,167.88,0
0.015929,1,237.59,168,168,0
0.015722,1,237.76,168.12,168.12,0
0.015515,1,237.94,168.25,168.25,0
0.015307,1,238.12,168.38,168.38,0
0.015098,1,238.29,168.5,168.5,0
0.014889,1,238.47,168.62,168.62,0
0.014679,1,238.65,168.75,168.75,0
0.014468,1,238.83,168.88,168.88,0
0.014256,1,239,169,169,0
0.013954,1,239.18,169.12,169.12,0
0.01365,1,239.36,169.25,169.25,0
0.013346,1,239.53,169.38,169.38,0
0.01304,1,239.71,169.5,169.5,0
0.012734,1,239.89,169.62,169.62,0
0.012427,1,240.06,169.75,169.75,0
0.012118,1,240.24,169.88,169.88,0
0.011809,1,240.42,170,170,0
0.011422,1,240.59,170.12,170.12,0
0.011034,1,240.77,170.25,170.25,0
0.010645,1,240.95,170.38,170.38,0
0.010255,1,241.12,170.5,170.5,0
0.0098632,1,241.3,170.62,170.62,0
0.0094706,1,241.48,170.75,170.75,0
0.0090768,1,241.65,170.88,170.88,0
0.0086819,1,241.83,171,171,0
0.0082266,1,242.01,171.12,171.12,0
0.00777,1,242.18,171.25,171.25,0
0.0073121,1,242.36,171.38,171.38,0
0.0068529,1,242.54,171.5,171.5,0
0.0063924,1,242.71,171.62,171.62,0
0.0059307,1,242.89,171.75,171.75,0
0.0054676,1,243.07,171.88,171.88,0
0.0050033,1,243.24,172,172,0
0.0044986,1,243.42,172.12,172.12,0
0.0039925,1,243.6,172.25,172.25,0
0.0034851,1,243.78,172.38,172.38,0
0.0029763,1,243.95,172.5,172.5,0
0.0024661,1,244.13,172.62,172.62,0
0.0019546,1,244.31,172.75,172.75,0
0.0014417,1,244.48,172.88,172.88,0
0.00092751,1,244.66,173,173,0
0.00039494,1,244.84,173.12,173.12,0
-0.000139,1,245.01,173.25,173.25,0
-0.00067432,1,245.19,173.38,173.38,0
-0.001211,1,245.37,173.5,173.5,0
-0.0017491,1,245.54,173.62,173.62,0
-0.0022885,1,245.72,173.75,173.75,0
-0.0028294,1,245.9,173.88,173.88,0
-0.0033716,1,246.07,174,174,0
-0.003909,1,246.25,174.12,174.12,0
-0.0044478,1,246.43,174.25,174.25,0
-0.0049879,1,246.6,174.38,174.38,0
-0.0055293,1,246.78,174.5,174.5,0
-0.0060721,1,246.96,174.62,174.62,0
-0.0066162,1,247.13,174.75,174.75,0
-0.0071617,1,247.31,174.88,174.88,0
-0.0077084,1,247.49,175,175,0
-0.0082274,1,247.66,175.12,175.12,0
-0.0087475,1,247.84,175.25,175.25,0
-0.0092689,1,248.02,175.38,175.38,0
-0.0097916,1,248.19,175.5,175.5,0
-0.010315,1,248.37,175.62,175.62,0
-0.010841,1,248.55,175.75,175.75,0
-0.011367,1,248.72,175.88,175.88,0
-0.011894,1,248.9,176,176,0
-0.012372,1,249.08,176.12,176.12,0
-0.012851,1,249.26,176.25,176.25,0
-0.013331,1,249.43,176.38,176.38,0
-0.013812,1,249.61,176.5,176.5,0
-0.014294,1,249.79,176.62,176.62,0
-0.014777,1,249.96,176.75,176.75,0
-0.015261,1,250.14,176.88,176.88,0
-0.015747,1,250.32,177,177,0
-0.016162,1,250.49,177.12,177.12,0
-0.016579,1,250.67,177.25,177.25,0
-0.016996,1,250.85,177.38,177.38,0
-0.017414,1,251.02,177.5,177.5,0
-0.017834,1,251.2,177.62,177.62,0
-0.018254,1,251.38,177.75,177.75,0
-0.018675,1,251.55,177.88,177.88,0
-0.019097,1,251.73,178,178,0
-0.019432,1,251.91,178.12,178.12,0
-0.019768,1,252.08,178.25,178.25,0
-0.020104,1,252.26,178.38,178.38,0
-0.020442,1,252.44,178.5,178.5,0
-0.020779,1,252.61,178.62,178.62,0
-0.021118,1,252.79,178.75,178.75,0
-0.021457,1,252.97,178.88,178.88,0
-0.021797,1,253.14,179,179,0
-0.022038,1,253.32,179.12,179.12,0
-0.022278,1,253.5,179.25,179.25,0
-0.02252,1,253.67,179.38,179.38,0
-0.022761,1,253.85,179.5,179.5,0
-0.023003,1,254.03,179.62,179.62,0
-0.023246,1,254.2,179.75,179.75,0
-0.023489,1,254.38,179.88,179.88,0
-0.023732,1,254.56,180,180,0
-0.023867,1,254.74,180.12,180.12,0
-0.024003,1,254.91,180.25,180.25,0
-0.024138,1,255.09,180.38,180.38,0
-0.024274,1,255.27,180.5,180.5,0
-0.02441,1,255.44,180.62,180.62,0
-0.024546,1,255.62,180.75,180.75,0
-0.024682,1,255.8,180.88,180.88,0
-0.024818,1,255.97,181,181,0
-0.024843,1,256.15,181.12,181.12,0
-0.024868,1,256.33,181.25,181.25,0
-0.024892,1,256.5,181.38,181.38,0
-0.024917,1,256.68,181.5,181.5,0
-0.024941,1,256.86,181.62,181.62,0
-0.024965,1,257.03,181.75,181.75,0
-0.02499,1,257.21,181.88,181.88,0
-0.025014,1,257.39,182,182,0
-0.024928,1,257.56,182.12,182.12,0
-0.024841,1,257.74,182.25,182.25,0
-0.024755,1,257.92,182.38,182.38,0
-0.024668,1,258.09,182.5,182.5,0
-0.02458,1,258.27,182.62,182.62,0
-0.024493,1,258.45,182.75,182.75,0
-0.024405,1,258.62,182.88,182.88,0
-0.024317,1,258.8,183,183,0
-0.024125,1,258.98,183.12,183.12,0
-0.023933,1,259.15,183.25,183.25,0
-0.023741,1,259.33,183.38,183.38,0
-0.023547,1,259.51,183.5,183.5,0
-0.023354,1,259.68,183.62,183.62,0
-0.023159,1,259.86,183.75,183.75,0
-0.022965,1,260.04,183.88,183.88,0
-0.022769,1,260.22,184,184,0
-0.022482,1,260.39,184.12,184.12,0
-0.022195,1,260.57,184.25,184.25,0
-0.021906,1,260.75,184.38,184.38,0
-0.021617,1,260.92,184.5,184.5,0
-0.021327,1,261.1,184.62,184.62,0
-0.021037,1,261.28,184.75,184.75,0
-0.020745,1,261.45,184.88,184.88,0
-0.020453,1,261.63,185,185,0
-0.020086,1,261.81,185.12,185.12,0
-0.019717,1,261.98,185.25,185.25,0
-0.019348,1,262.16,185.38,185.38,0
-0.018978,1,262.34,185.5,185.5,0
-0.018607,1,262.51,185.62,185.62,0
-0.018235,1,262.69,185.75,185.75,0
-0.017862,1,262.87,185.88,185.88,0
-0.017489,1,263.04,186,186,0
-0.017059,1,263.22,186.12,186.12,0
-0.016629,1,263.4,186.25,186.25,0
-0.016198,1,263.57,186.38,186.38,0
-0.015765,1,263.75,186.5,186.5,0
-0.015332,1,263.93,186.62,186.62,0
-0.014898,1,264.1,186.75,186.75,0
-0.014463,1,264.28,186.88,186.88,0
-0.014027,1,264.46,187,187,0
-0.013558,1,264.63,187.12,187.12,0
-0.013088,1,264.81,187.25,187.25,0
-0.012617,1,264.99,187.38,187.38,0
-0.012145,1,265.17,187.5,187.5,0
-0.011672,1,265.34,187.62,187.62,0
-0.011198,1,265.52,187.75,187.75,0
-0.010723,1,265.7,187.88,187.88,0
-0.010248,1,265.87,188,188,0
-0.0097632,1,266.05,188.12,188.12,0
-0.0092779,1,266.23,188.25,188.25,0
-0.0087915,1,266.4,188.38,188.38,0
-0.0083042,1,266.58,188.5,188.5,0
-0.0078159,1,266.76,188.62,188.62,0
-0.0073266,1,266.93,188.75,188.75,0
-0.0068363,1,267.11,188.88,188.88,0
-0.0063451,1,267.29,189,189,0
-0.0058708,1,267.46,189.12,189.12,0
-0.0053956,1,267.64,189.25,189.25,0
-0.0049194,1,267.82,189.38,189.38,0
-0.0044423,1,267.99,189.5,189.5,0
-0.0039643,1,268.17,189.62,189.62,0
-0.0034853,1,268.35,189.75,189.75,0
-0.0030054,1,268.52,189.88,189.88,0
-0.0025245,1,268.7,190,190,0
-0.0020856,1,268.88,190.12,190.12,0
-0.0016459,1,269.05,190.25,190.25,0
-0.0012054,1,269.23,190.38,190.38,0
-0.00076396,1,269.41,190.5,190.5,0
-0.00032171,1,269.58,190.62,190.62,0
0.00012139,1,269.76,190.75,190.75,0
0.00056534,1,269.94,190.88,190.88,0
0.0010101,1,270.11,191,191,0
0.0013895,1,270.29,191.12,191.12,0
0.0017696,1,270.47,191.25,191.25,0
0.0021504,1,270.65,191.38,191.38,0
0.002532,1,270.82,191.5,191.5,0
0.0029142,1,271,191.62,191.62,0
0.0032971,1,271.18,191.75,191.75,0
0.0036808,1,271.35,191.88,191.88,0
0.0040651,1,271.53,192,192,0
0.0043634,1,271.71,192.12,192.12,0
0.0046622,1,271.88,192.25,192.25,0
0.0049615,1,272.06,192.38,192.38,0
0.0052614,1,272.24,192.5,192.5,0
0.0055618,1,272.41,192.62,192.62,0
0.0058627,1,272.59,192.75,192.75,0
0.0061642,1,272.77,192.88,192.88,0
0.0064662,1,272.94,193,193,0
0.0066651,1,273.12,193.12,193.12,0
0.0068644,1,273.3,193.25,193.25,0
0.007064,1,273.47,193.38,193.38,0
0.0072639,1,273.65,193.5,193.5,0
0.0074642,1,273.83,193.62,193.62,0
0.0076648,1,274,193.75,193.75,0
0.0078658,1,274.18,193.88,193.88,0
0.0080671,1,274.36,194,194,0
0.0081529,1,274.53,194.12,194.12,0
0.0082388,1,274.71,194.25,194.25,0
0.0083248,1,274.89,194.38,194.38,0
0.0084109,1,275.06,194.5,194.5,0
0.0084972,1,275.24,194.62,194.62,0
0.0085836,1,275.42,194.75,194.75,0
0.0086701,1,275.59,194.88,194.88,0
0.0087568,1,275.77,195,195,0
0.0087207,1,275.95,195.12,195.12,0
0.0086845,1,276.13,195.25,195.25,0
0.0086482,1,276.3,195.38,195.38,0
0.0086118,1,276.48,195.5,195.5,0
0.0085753,1,276.66,195.62,195.62,0
0.0085388,1,276.83,195.75,195.75,0
0.0085021,1,277.01,195.88,195.88,0
0.0084654,1,277.19,196,196,0
0.0083043,1,277.36,196.12,196.12,0
0.0081429,1,277.54,196.25,196.25,0
0.0079811,1,277.72,196.38,196.38,0
0.0078191,1,277.89,196.5,196.5,0
0.0076568,1,278.07,196.62,196.62,0
0.0074942,1,278.25,196.75,196.75,0
0.0073312,1,278.42,196.88,196.88,0
0.007168,1,278.6,197,197,0
0.0068846,1,278.78,197.12,197.12,0
0.0066008,1,278.95,197.25,197.25,0
0.0063164,1,279.13,197.38,197.38,0
0.0060315,1,279.31,197.5,197.5,0
0.0057461,1,279.48,197.62,197.62,0
0.0054602,1,279.66,197.75,197.75,0
0.0051738,1,279.84,197.88,197.88,0
0.0048869,1,280.01,198,198,0
0.0044899,1,280.19,198.12,198.12,0
0.0040921,1,280.37,198.25,198.25,0
0.0036937,1,280.54,198.38,198.38,0
0.0032946,1,280.72,198.5,198.5,0
0.0028947,1,280.9,198.62,198.62,0
0.0024942,1,281.07,198.75,198.75,0
0.002093,1,281.25,198.88,198.88,0
0.0016912,1,281.43,199,199,0
0.0011945,1,281.61,199.12,199.12,0
0.00069695,1,281.78,199.25,199.25,0
0.00019859,1,281.96,199.38,199.38,0
-0.00030061,1,282.14,199.5,199.5,0
-0.00080065,1,282.31,199.62,199.62,0
-0.0013015,1,282.49,199.75,199.75,0
-0.0018032,1,282.67,199.88,199.88,0
-0.0023058,1,282.84,200,200,0
-0.0028831,1,283.02,200.12,200.12,0
-0.0034613,1,283.2,200.25,200.25,0
-0.0040405,1,283.37,200.38,200.38,0
-0.0046206,1,283.55,200.5,200.5,0
-0.0052017,1,283.73,200.62,200.62,0
-0.0057837,1,283.9,200.75,200.75,0
-0.0063667,1,284.08,200.88,200.88,0
-0.0069506,1,284.26,201,201,0
-0.0075853,1,284.43,201.12,201.12,0
-0.008221,1,284.61,201.25,201.25,0
-0.0088577,1,284.79,201.38,201.38,0
-0.0094954,1,284.96,201.5,201.5,0
-0.010134,1,285.14,201.62,201.62,0
-0.010774,1,285.32,201.75,201.75,0
-0.011415,1,285.49,201.88,201.88,0
-0.012056,1,285.67,202,202,0
-0.012722,1,285.85,202.12,202.12,0
-0.013389,1,286.02,202.25,202.25,0
-0.014057,1,286.2,202.38,202.38,0
-0.014726,1,286.38,202.5,202.5,0
-0.015395,1,286.56,202.62,202.62,0
-0.016066,1,286.73,202.75,202.75,0
-0.016738,1,286.91,202.88,202.88,0
-0.017411,1,287.09,203,203,0
-0.01808,1,287.26,203.12,203.12,0
-0.018749,1,287.44,203.25,203.25,0
-0.01942,1,287.62,203.38,203.38,0
-0.020091,1,287.79,203.5,203.5,0
-0.020764,1,287.97,203.62,203.62,0
-0.021437,1,288.15,203.75,203.75,0
-0.022112,1,288.32,203.88,203.88,0
-0.022787,1,288.5,204,204,0
-0.023429,1,288.68,204.12,204.12,0
-0.024072,1,288.85,204.25,204.25,0
-0.024716,1,289.03,204.38,204.38,0
-0.025361,1,289.21,204.5,204.5,0
-0.026007,1,289.38,204.62,204.62,0
-0.026654,1,289.56,204.75,204.75,0
-0.027302,1,289.74,204.88,204.88,0
-0.027951,1,289.91,205,205,0
-0.028538,1,290.09,205.12,205.12,0
-0.029127,1,290.27,205.25,205.25,0
-0.029716,1,290.44,205.38,205.38,0
-0.030306,1,290.62,205.5,205.5,0
-0.030897,1,290.8,205.62,205.62,0
-0.031489,1,290.97,205.75,205.75,0
-0.032081,1,291.15,205.88,205.88,0
-0.032675,1,291.33,206,206,0
-0.033181,1,291.5,206.12,206.12,0
-0.033688,1,291.68,206.25,206.25,0
-0.034196,1,291.86,206.38,206.38,0
-0.034705,1,292.04,206.5,206.5,0
-0.035214,1,292.21,206.62,206.62,0
-0.035725,1,292.39,206.75,206.75,0
-0.036235,1,292.57,206.88,206.88,0
-0.036747,1,292.74,207,207,0
-0.03715,1,292.92,207.12,207.12,0
-0.037553,1,293.1,207.25,207.25,0
-0.037957,1,293.27,207.38,207.38,0
-0.038361,1,293.45,207.5,207.5,0
-0.038766,1,293.63,207.62,207.62,0
-0.039171,1,293.8,207.75,207.75,0
-0.039577,1,293.98,207.88,207.88,0
-0.039983,1,294.16,208,208,0
-0.040263,1,294.33,208.12,208.12,0
-0.040544,1,294.51,208.25,208.25,0
-0.040825,1,294.69,208.38,208.38,0
-0.041106,1,294.86,208.5,208.5,0
-0.041388,1,295.04,208.62,208.62,0
-0.04167,1,295.22,208.75,208.75,0
-0.041952,1,295.39,208.88,208.88,0
-0.042235,1,295.57,209,209,0
-0.04238,1,295.75,209.12,209.12,0
-0.042525,1,295.92,209.25,209.25,0
-0.04267,1,296.1,209.38,209.38,0
-0.042815,1,296.28,209.5,209.5,0
-0.04296,1,296.45,209.62,209.62,0
-0.043106,1,296.63,209.75,209.75,0
-0.043251,1,296.81,209.88,209.88,0
-0.043397,1,296.98,210,210,0
-0.0434,1,297.16,210.12,210.12,0
-0.043402,1,297.34,210.25,210.25,0
-0.043404,1,297.52,210.38,210.38,0
-0.043407,1,297.69,210.5,210.5,0
-0.043409,1,297.87,210.62,210.62,0
-0.043411,1,298.05,210.75,210.75,0
-0.043413,1,298.22,210.88,210.88,0
-0.043415,1,298.4,211,211,0
-0.043275,1,298.58,211.12,211.12,0
-0.043135,1,298.75,211.25,211.25,0
-0.042994,1,298.93,211.38,211.38,0
-0.042853,1,299.11,211.5,211.5,0
-0.042712,1,299.28,211.62,211.62,0
-0.042571,1,299.46,211.75,211.75,0
-0.042429,1,299.64,211.88,211.88,0
-0.042287,1,299.81,212,212,0
-0.042011,1,299.99,212.12,212.12,0
-0.041735,1,300.17,212.25,212.25,0
-0.041458,1,300.34,212.38,212.38,0
-0.041181,1,300.52,212.5,212.5,0
-0.040903,1,300.7,212.62,212.62,0
-0.040625,1,300.87,212.75,212.75,0
-0.040347,1,301.05,212.88,212.88,0
-0.040068,1,301.23,213,213,0
-0.039669,1,301.4,213.12,213.12,0
-0.03927,1,301.58,213.25,213.25,0
-0.038871,1,301.76,213.38,213.38,0
-0.038471,1,301.93,213.5,213.5,0
-0.03807,1,302.11,213.62,213.62,0
-0.037669,1,302.29,213.75,213.75,0
-0.037266,1,302.46,213.88,213.88,0
-0.036864,1,302.64,214,214,0
-0.036363,1,302.82,214.12,214.12,0
-0.035861,1,303,214.25,214.25,0
-0.035358,1,303.17,214.38,214.38,0
-0.034855,1,303.35,214.5,214.5,0
-0.034351,1,303.53,214.62,214.62,0
-0.033846,1,303.7,214.75,214.75,0
-0.03334,1,303.88,214.88,214.88,0
-0.032834,1,304.06,215,215,0
-0.032255,1,304.23,215.12,215.12,0
-0.031675,1,304.41,215.25,215.25,0
-0.031095,1,304.59,215.38,215.38,0
-0.030514,1,304.76,215.5,215.5,0
-0.029931,1,304.94,215.62,215.62,0
-0.029348,1,305.12,215.75,215.75,0
-0.028765,1,305.29,215.88,215.88,0
-0.02818,1,305.47,216,216,0
-0.027553,1,305.65,216.12,216.12,0
-0.026925,1,305.82,216.25,216.25,0
-0.026296,1,306,216.38,216.38,0
-0.025667,1,306.18,216.5,216.5,0
-0.025036,1,306.35,216.62,216.62,0
-0.024405,1,306.53,216.75,216.75,0
-0.023773,1,306.71,216.88,216.88,0
-0.023139,1,306.88,217,217,0
-0.022497,1,307.06,217.12,217.12,0
-0.021854,1,307.24,217.25,217.25,0
-0.02121,1,307.41,217.38,217.38,0
-0.020565,1,307.59,217.5,217.5,0
-0.019919,1,307.77,217.62,217.62,0
-0.019272,1,307.95,217.75,217.75,0
-0.018625,1,308.12,217.88,217.88,0
-0.017976,1,308.3,218,218,0
-0.017353,1,308.48,218.12,218.12,0
-0.016729,1,308.65,218.25,218.25,0
-0.016105,1,308.83,218.38,218.38,0
-0.015479,1,309.01,218.5,218.5,0
-0.014852,1,309.18,218.62,218.62,0
-0.014225,1,309.36,218.75,218.75,0
-0.013597,1,309.54,218.88,218.88,0
-0.012968,1,309.71,219,219,0
-0.012399,1,309.89,219.12,219.12,0
-0.011829,1,310.07,219.25,219.25,0
-0.011258,1,310.24,219.38,219.38,0
-0.010686,1,310.42,219.5,219.5,0
-0.010114,1,310.6,219.62,219.62,0
-0.0095411,1,310.77,219.75,219.75,0
-0.0089672,1,310.95,219.88,219.88,0
-0.0083926,1,311.13,220,220,0
-0.0079106,1,311.3,220.12,220.12,0
-0.0074278,1,311.48,220.25,220.25,0
-0.0069445,1,311.66,220.38,220.38,0
-0.0064604,1,311.83,220.5,220.5,0
-0.0059758,1,312.01,220.62,220.62,0
-0.0054905,1,312.19,220.75,220.75,0
-0.0050045,1,312.36,220.88,220.88,0
-0.0045179,1,312.54,221,221,0
-0.0041531,1,312.72,221.12,221.12,0
-0.0037878,1,312.89,221.25,221.25,0
-0.003422,1,313.07,221.38,221.38,0
-0.0030558,1,313.25,221.5,221.5,0
-0.0026891,1,313.43,221.62,221.62,0
-0.0023219,1,313.6,221.75,221.75,0
-0.0019542,1,313.78,221.88,221.88,0
-0.001586,1,313.96,222,222,0
-0.0013641,1,314.13,222.12,222.12,0
-0.0011418,1,314.31,222.25,222.25,0
-0.00091934,1,314.49,222.38,222.38,0
-0.00069655,1,314.66,222.5,222.5,0
-0.00047347,1,314.84,222.62,222.62,0
-0.00025011,1,315.02,222.75,222.75,0
-2.646e-05,1,315.19,222.88,222.88,0
0.00019748,1,315.37,223,223,0
0.00025682,1,315.55,223.12,223.12,0
0.00031623,1,315.72,223.25,223.25,0
0.00037572,1,315.9,223.38,223.38,0
0.00043528,1,316.08,223.5,223.5,0
0.00049492,1,316.25,223.62,223.62,0
0.00055463,1,316.43,223.75,223.75,0
0.00061442,1,316.61,223.88,223.88,0
0.00067428,1,316.78,224,224,0
0.00055833,1,316.96,224.12,224.12,0
0.00044224,1,317.14,224.25,224.25,0
0.00032599,1,317.31,224.38,224.38,0
0.0002096,1,317.49,224.5,224.5,0
9.3069e-05,1,317.67,224.62,224.62,0
-2.3613e-05,1,317.84,224.75,224.75,0
-0.00014044,1,318.02,224.88,224.88,0
-0.00025742,1,318.2,225,225,0
-0.00055352,1,318.37,225.12,225.12,0
-0.00084999,1,318.55,225.25,225.25,0
-0.0011468,1,318.73,225.38,225.38,0
-0.001444,1,318.91,225.5,225.5,0
-0.0017416,1,319.08,225.62,225.62,0
-0.0020396,1,319.26,225.75,225.75,0
-0.0023379,1,319.44,225.88,225.88,0
-0.0026365,1,319.61,226,226,0
-0.0031094,1,319.79,226.12,226.12,0
-0.0035827,1,319.97,226.25,226.25,0
-0.0040567,1,320.14,226.38,226.38,0
-0.0045313,1,320.32,226.5,226.5,0
-0.0050064,1,320.5,226.62,226.62,0
-0.0054821,1,320.67,226.75,226.75,0
-0.0059584,1,320.85,226.88,226.88,0
-0.0064353,1,321.03,227,227,0
-0.0070729,1,321.2,227.12,227.12,0
-0.0077114,1,321.38,227.25,227.25,0
-0.0083506,1,321.56,227.38,227.38,0
-0.0089905,1,321.73,227.5,227.5,0
-0.0096313,1,321.91,227.62,227.62,0
-0.010273,1,322.09,227.75,227.75,0
-0.010915,1,322.26,227.88,227.88,0
-0.011558,1,322.44,228,228,0
-0.012341,1,322.62,228.12,228.12,0
-0.013124,1,322.79,228.25,228.25,0
-0.013908,1,322.97,228.38,228.38,0
-0.014694,1,323.15,228.5,228.5,0
-0.01548,1,323.32,228.62,228.62,0
-0.016267,1,323.5,228.75,228.75,0
-0.017055,1,323.68,228.88,228.88,0
-0.017844,1,323.85,229,229,0
-0.018744,1,324.03,229.12,229.12,0
-0.019645,1,324.21,229.25,229.25,0
-0.020547,1,324.39,229.38,229.38,0
-0.02145,1,324.56,229.5,229.5,0
-0.022354,1,324.74,229.62,229.62,0
-0.023259,1,324.92,229.75,229.75,0
-0.024165,1,325.09,229.88,229.88,0
-0.025073,1,325.27,230,230,0
-0.026056,1,325.45,230.12,230.12,0
-0.02704,1,325.62,230.25,230.25,0
-0.028026,1,325.8,230.38,230.38,0
-0.029012,1,325.98,230.5,230.5,0
-0.03,1,326.15,230.62,230.62,0
-0.030989,1,326.33,230.75,230.75,0
-0.031979,1,326.51,230.88,230.88,0
-0.03297,1,326.68,231,231,0
-0.033998,1,326.86,231.12,231.12,0
-0.035027,1,327.04,231.25,231.25,0
-0.036057,1,327.21,231.38,231.38,0
-0.037088,1,327.39,231.5,231.5,0
-0.03812,1,327.57,231.62,231.62,0
-0.039154,1,327.74,231.75,231.75,0
-0.040188,1,327.92,231.88,231.88,0
-0.041224,1,328.1,232,232,0
-0.042254,1,328.27,232.12,232.12,0
-0.043284,1,328.45,232.25,232.25,0
-0.044316,1,328.63,232.38,232.38,0
-0.045349,1,328.8,232.5,232.5,0
-0.046383,1,328.98,232.62,232.62,0
-0.047418,1,329.16,232.75,232.75,0
-0.048455,1,329.33,232.88,232.88,0
-0.049492,1,329.51,233,233,0
-0.05048,1,329.69,233.12,233.12,0
-0.051468,1,329.87,233.25,233.25,0
-0.052458,1,330.04,233.38,233.38,0
-0.053448,1,330.22,233.5,233.5,0
-0.05444,1,330.4,233.62,233.62,0
-0.055432,1,330.57,233.75,233.75,0
-0.056426,1,330.75,233.88,233.88,0
-0.057421,1,330.93,234,234,0
-0.058322,1,331.1,234.12,234.12,0
-0.059225,1,331.28,234.25,234.25,0
-0.060128,1,331.46,234.38,234.38,0
-0.061033,1,331.63,234.5,234.5,0
-0.061938,1,331.81,234.62,234.62,0
-0.062844,1,331.99,234.75,234.75,0
-0.063751,1,332.16,234.88,234.88,0
-0.064659,1,332.34,235,235,0
-0.065434,1,332.52,235.12,235.12,0
-0.066209,1,332.69,235.25,235.25,0
-0.066985,1,332.87,235.38,235.38,0
-0.067762,1,333.05,235.5,235.5,0
-0.068539,1,333.22,235.62,235.62,0
-0.069318,1,333.4,235.75,235.75,0
-0.070097,1,333.58,235.88,235.88,0
-0.070877,1,333.75,236,236,0
-0.071488,1,333.93,236.12,236.12,0
-0.072099,1,334.11,236.25,236.25,0
-0.072711,1,334.28,236.38,236.38,0
-0.073324,1,334.46,236.5,236.5,0
-0.073937,1,334.64,236.62,236.62,0
-0.07455,1,334.82,236.75,236.75,0
-0.075165,1,334.99,236.88,236.88,0
-0.07578,1,335.17,237,237,0
-0.076196,1,335.35,237.12,237.12,0
-0.076614,1,335.52,237.25,237.25,0
-0.077031,1,335.7,237.38,237.38,0
-0.077449,1,335.88,237.5,237.5,0
-0.077867,1,336.05,237.62,237.62,0
-0.078286,1,336.23,237.75,237.75,0
-0.078705,1,336.41,237.88,237.88,0
-0.079124,1,336.58,238,238,0
-0.079325,1,336.76,238.12,238.12,0
-0.079526,1,336.94,238.25,238.25,0
-0.079727,1,337.11,238.38,238.38,0
-0.079928,1,337.29,238.5,238.5,0
-0.080129,1,337.47,238.62,238.62,0
-0.08033,1,337.64,238.75,238.75,0
-0.080532,1,337.82,238.88,238.88,0
-0.080733,1,338,239,239,0
-0.080705,1,338.17,239.12,239.12,0
-0.080677,1,338.35,239.25,239.25,0
-0.080649,1,338.53,239.38,239.38,0
-0.080621,1,338.7,239.5,239.5,0
-0.080592,1,338.88,239.62,239.62,0
-0.080564,1,339.06,239.75,239.75,0
-0.080535,1,339.23,239.88,239.88,0
-0.080506,1,339.41,240,240,0
-0.080247,1,339.59,240.12,240.12,0
-0.079988,1,339.76,240.25,240.25,0
-0.079728,1,339.94,240.38,240.38,0
-0.079468,1,340.12,240.5,240.5,0
-0.079208,1,340.3,240.62,240.62,0
-0.078947,1,340.47,240.75,240.75,0
-0.078686,1,340.65,240.88,240.88,0
-0.078425,1,340.83,241,241,0
-0.077944,1,341,241.12,241.12,0
-0.077462,1,341.18,241.25,241.25,0
-0.076981,1,341.36,241.38,241.38,0
-0.076498,1,341.53,241.5,241.5,0
-0.076015,1,341.71,241.62,241.62,0
-0.075531,1,341.89,241.75,241.75,0
-0.075047,1,342.06,241.88,241.88,0
-0.074562,1,342.24,242,242,0
-0.073879,1,342.42,242.12,242.12,0
-0.073196,1,342.59,242.25,242.25,0
-0.072512,1,342.77,242.38,242.38,0
-0.071827,1,342.95,242.5,242.5,0
-0.071142,1,343.12,242.62,242.62,0
-0.070455,1,343.3,242.75,242.75,0
-0.069768,1,343.48,242.88,242.88,0
-0.06908,1,343.65,243,243,0
-0.068227,1,343.83,243.12,243.12,0
-0.067373,1,344.01,243.25,243.25,0
-0.066518,1,344.18,243.38,243.38,0
-0.065662,1,344.36,243.5,243.5,0
-0.064805,1,344.54,243.62,243.62,0
-0.063947,1,344.71,243.75,243.75,0
-0.063088,1,344.89,243.88,243.88,0
-0.062229,1,345.07,244,244,0
-0.061246,1,345.24,244.12,244.12,0
-0.060262,1,345.42,244.25,244.25,0
-0.059277,1,345.6,244.38,244.38,0
-0.058291,1,345.78,244.5,244.5,0
-0.057304,1,345.95,244.62,244.62,0
-0.056316,1,346.13,244.75,244.75,0
-0.055327,1,346.31,244.88,244.88,0
-0.054336,1,346.48,245,245,0
-0.053274,1,346.66,245.12,245.12,0
-0.05221,1,346.84,245.25,245.25,0
-0.051145,1,347.01,245.38,245.38,0
-0.050079,1,347.19,245.5,245.5,0
-0.049011,1,347.37,245.62,245.62,0
-0.047943,1,347.54,245.75,245.75,0
-0.046873,1,347.72,245.88,245.88,0
-0.045802,1,347.9,246,246,0
-0.044715,1,348.07,246.12,246.12,0
-0.043628,1,348.25,246.25,246.25,0
-0.042539,1,348.43,246.38,246.38,0
-0.041449,1,348.6,246.5,246.5,0
-0.040358,1,348.78,246.62,246.62,0
-0.039265,1,348.96,246.75,246.75,0
-0.038172,1,349.13,246.88,246.88,0
-0.037077,1,349.31,247,247,0
-0.036028,1,349.49,247.12,247.12,0
-0.034978,1,349.66,247.25,247.25,0
-0.033926,1,349.84,247.38,247.38,0
-0.032873,1,350.02,247.5,247.5,0
-0.031819,1,350.19,247.62,247.62,0
-0.030765,1,350.37,247.75,247.75,0
-0.029709,1,350.55,247.88,247.88,0
-0.028651,1,350.72,248,248,0
-0.027702,1,350.9,248.12,248.12,0
-0.026752,1,351.08,248.25,248.25,0
-0.025801,1,351.26,248.38,248.38,0
-0.024849,1,351.43,248.5,248.5,0
-0.023895,1,351.61,248.62,248.62,0
-0.022941,1,351.79,248.75,248.75,0
-0.021986,1,351.96,248.88,248.88,0
-0.02103,1,352.14,249,249,0
-0.020243,1,352.32,249.12,249.12,0
-0.019455,1,352.49,249.25,249.25,0
-0.018667,1,352.67,249.38,249.38,0
-0.017878,1,352.85,249.5,249.5,0
-0.017087,1,353.02,249.62,249.62,0
-0.016297,1,353.2,249.75,249.75,0
-0.015505,1,353.38,249.88,249.88,0
-0.014712,1,353.55,250,250,0
